id,name
1,Mike Harrison
2,Tina Britt
3,Bruce Becvar
4,Rocio Jurado
5,Walter Jackson
6,New Found Glory
7,Shamen
8,Memphis Jug Band
9,The New York Dolls
10,Carlos Barbosa-lima
11,Grace Gale
12,The Jackson Southernaires
13,Janitor Joe
14,Mandi
15,Ben Sidran
16,Green Day
17,Peter Gabriel
18,Shunza
19,Jacques Douai
20,Papa Wemba
21,Glen Washington
22,Donna The Buffalo
23,Seatrain
24,Cassidy Featuring R. Kelly
25,Big Mountain
26,The Cliks
27,Bob Marley
28,The Isley Brothers
29,Tum Tum
30,Dope Stars Inc.
31,Starski And Clutch
32,Leona Naess
33,Mademoiselle Sane
34,antonio Zerbini
35,Venice
36,Mills Brothers
37,Ale Möller
38,Zee
39,Saf
40,Kyle Eastwood
41,Extrabreit
42,Jack Sheldon
43,Casa Bulga
44,Crusaders
45,Aynsley Lister
46,Varios Artistas De Rumba
47,The Pointer Sisters
48,Studio
49,Eumir Deodato
50,Wilmington Chester Mass Choir
51,Rocket From The Tombs
52,Joi
53,Us Coast Guard Band
54,Gene Simmons
55,Eberhard Weber
56,Raymond Lefèvre
57,Johnny Carver
58,Beto Cuevas
59,Rhian Sheehan
60,Bruford
61,Faces
62,Kekele
63,New Direction
64,Los Muñequitos De Matanzas
65,The Leroi Brothers
66,Velvet Underground
67,Auf Der Maur
68,Bela Fleck And The Flecktones
69,Beenie Man Featuring Wyclef And Redman
70,The Crystal Method
71,Alexisonfire
72,Daler Mehndi
73,Junior Murvin
74,nicola Zaccaria
75,Clifton Chenier
76,Point Of Grace
77,Tom Robinson
78,Daara J
79,Spitfire
80,Fake Problems
81,Freeway
82,Super Cat
83,Frankie Goes To Hollywood
84,The Lincoln Penny Orchestra
85,Kenny G Featuring Daryl Hall
86,Ill Harmonics
87,Pitch Black
88,The Cat's Miaow
89,Junior M. A. F. I. A.
90,Irish Tenors
91,Dolores Keane
92,Domino Fats
93,Toni Braxton Featuring Shaggy
94,Grupo Sierra Maestra
95,The Chi Lites
96,Public Image Ltd
97,Lou Ann Barton
98,Billy Higgins
99,Lionel Richie
100,Bobbie Gentry
101,Shirley Caesar
102,Barbara Jones
103,Sex Machine Ft. Shèna
104,Ideal
105,M Sane
106,Keb'mo'
107,Sin Plomo
108,Rummage
109,Michael Stanley Band
110,Nicola Fasano Feat. Paula B
111,Kenny G Featuring Brian Mcknight
112,Strata
113,Garfunkel
114,2fresh
115,C.c. Adcock
116,Muse
117,Facto Delafe Y Las Flores Azules
118,Gene Latter
119,Lord Sterling
120,Dcx
121,The Keys
122,The Cardigans
123,Alkonost
124,Kevin Burke
125,Jayo Felony & 40 Glocc
126,Nitin Sawhney
127,Rose Royce
128,Karen Dalton
129,Yuko Kanzaki
130,Judy Clay And William Bell
131,Hellsongs
132,van Morrison
133,David Banner
134,Brice Kapel
135,Tzant Feat. Odc Mc
136,Alex Theory
137,Babbu Maan
138,Deville
139,Millie Jackson
140,Long Beach Dub Allstars
141,Desert Dwellers
142,Vex'd
143,Kanye West
144,Flink
145,Jessie Lee Miller
146,Clare Moore
147,Robin Huw
148,Derek Bell
149,The Radio Department
150,Guns N’ Roses
151,Tammy Pescatelli
152,Dishwalla
153,Hoods
154,Dj X-change
155,Mn
156,Ben E King
157,The Flirts
158,Scott Matthews
159,Warren G And Nate Dogg
160,Loudon Wainwright Iii
161,Saarbrücken Radio Symphony Orchestra
162,Fito Paez
163,Cristina Pato - Mutenrohi
164,John Holt
165,Atomic Rooster
166,Steven Halpern
167,Dart
168,Janet Kay
169,Michèle Bernard
170,N.e.r.d.
171,Kassav'
172,The Handsome Family
173,Attack Attack
174,Eminem
175,Dropline
176,Music Explosion
177,Renato Borghetti
178,Tapineria
179,The Knux
180,Mr Vegas
181,Michael English
182,Esperanza Spalding
183,20
184,Degarmo
185,Young
186,Stephy Tang
187,Jauida
188,The Tragically Hip
189,Alexander O'neal
190,Guillaume Ledent
191,Dj Omega
192,The Righteous Brothers
193,Vusi Mahlasela
194,Sick Puppies
195,Armageddon
196,Riamiwo
197,Public Enemy
198,Nik
199,Laura Mikkola
200,The Shangri-las
201,Vic Chesnutt
202,Joe Cooley
203,Abbott
204,Nicola Fasano Feat. Paula B.
205,God Lives Underwater
206,Tone Loc
207,Michael Salgado
208,Lacy J. Dalton
209,J. Karjalainen
210,Michael Gettel
211,Ana Popovic
212,George Duke
213,Jesse Malin
214,Little Angels
215,Pardesi
216,Polkaholix
217,Year Long Disaster
218,Eddie Money
219,Kellee Patterson
220,Stimulator
221,Harry Gregson-williams
222,Sao Paris
223,Nick Colionne
224,Pat Metheny
225,Tony Malone And The Rapparees
226,Eddie Calvert
227,Hot Wire
228,30 Seconds To Mars
229,Hevia
230,Icadon
231,The In Crowd
232,Spiral Stairs
233,Aisha Duo
234,Truckfighters
235,Bobby “blue” Bland
236,Boots Randolph
237,Jude Taylor
238,Earl Hooker
239,Foals
240,Roy Bailey
241,We Five
242,Otis Redding
243,Lawanda Page
244,Patrick Lamb
245,Patsy Cline
246,Dj Vix
247,Kristine W.
248,The Louisiana Honeydrippers
249,Elvis Costello And The Attractions
250,Eko Fresh Feat. Capkekz
251,Circular
252,Tommy Overstreet
253,Rhinostar
254,Ministry Of Sound
255,Olivier Messiaen
256,Angela Stewart
257,Les Rythmes Digitales Feat. Nik Kershaw
258,Divinyls
259,Jean-jacques Goldman
260,Carl Doy With Nzso
261,Ace Frehley
262,John Brown
263,The Promised Band
264,The Chico Hamilton Quintet
265,Eden's Bridge
266,Socialburn
267,Love Affair
268,Staatskapelle Dresden
269,Staple Singers
270,Taal
271,Doc
272,Rob Mullins
273,Audio.3
274,André Minvielle
275,Minnie Riperton
276,Maximilian Hecker
277,Year Of Desolation
278,Los Van Van
279,Danny Wright
280,Omni
281,William Orbit
282,Steinski
283,The D.e.y.
284,Jimmy Reed
285,Portobello
286,Riviera Regime
287,Cecilia Bartoli
288,Professor Longhair
289,Mariano Yanani
290,White Heart
291,Tiny Tim
292,Anti-flag
293,Pierre Perret
294,Az
295,Black Messiah
296,Boyz Ii Men
297,Fergie
298,Abrar - Ul - Haq
299,Carlos Nuñez
300,Helmet
301,The Skabs
302,Charlie Louvin
303,Dj Vice
304,Oesch's Die Dritten
305,Larry Young
306,Set Your Goals
307,Alacranes Musical
308,Grandmaster Melle Mel
309,Joe Bonamassa
310,The White Stripes
311,Kol Simcha
312,Blind Alfred Reed
313,Gg Allin
314,Johnny Cash
315,Ruben Cossani
316,Hank Penny
317,Jazz Crusaders
318,Bryan White
319,Agnes
320,Photo Atlas
321,Toni Braxton Featuring Babyface
322,A Static Lullaby
323,Elmer Bernstein
324,Taking Dawn
325,Ensiferum
326,Rainie Yang
327,(don’t Fear) The Reaper
328,Luar Na Lubre
329,Bangalafumenga
330,Photek
331,Airto Moreira
332,Hecklah
333,Ryandan
334,Chico Hamilton Quintet
335,Charles Williams And His Orchestra
336,Bobby Marchan
337,Ultimate Tracks
338,Quinteto Violado
339,Primal Scream
340,Ayo
341,Sylvester Weaver
342,Pee Wee Crayton
343,Olive
344,Ronnie Milsap
345,Murderdolls
346,Mustat Lasit
347,Irene Cara
348,The American Boychoir
349,Terry Snyder
350,Noisettes
351,Baby Huey
352,Smart Alex
353,Garfield
354,Panzer Ag
355,Korpiklaani
356,Patricia Kaas
357,Josh Groban
358,Hem
359,Finest Dearest
360,3oh!3
361,Wailing Souls
362,Claire Hamill
363,Tanto Metro
364,Elvis Presley
365,Status
366,Alexis Hk
367,Bobby Hutcherson
368,Devonte
369,Baby Grand
370,Juan Farcik
371,Uphill Battle
372,Quincy Jones
373,Badly Drawn Boy
374,Catriona Mckay
375,Northern State
376,Jean Segurel
377,The Baltimore Consort
378,Willie Nelson
379,Lost Boyz
380,Henry Lewis
381,Hi-fi Companions
382,Nerf Herder
383,Johnny Bristol
384,Modeselektor
385,The Mad Capsule Markets
386,Sean Quinn
387,Click
388,Hüsker Dü
389,Buzzcocks
390,Catupecu Machu
391,Jerry Lee Lewis
392,Badfinger
393,Shelby Lynne
394,Carlos Baute
395,Lionel Rogg
396,Junie
397,Anna Abreu
398,W.a.s.p.
399,Moros Eros
400,The Doors
401,Lara
402,Diego Verdaguer
403,Belle And Sebastian
404,Eyes Cream
405,Messy Marv
406,Roommate
407,X-ecutioners
408,The Tarriers
409,pinuccia Perotti
410,Finntroll
411,Reginaldo Bessa
412,Britney Spears
413,Dixie Chicks
414,Orchestre De Jacques-henri Rys
415,Manu Chao
416,The Jimi Hendrix Experience
417,Del Horno
418,Sound 5
419,Cactus
420,The Florida Boys
421,Anita Kerr
422,Marc Lavoine
423,Maurane
424,Darwin Hobbs
425,Donna Summer
426,Tyrone Taylor
427,Los Tres Diamantes
428,Sky
429,Turisas
430,Acorps De Rue
431,Ray Pillow
432,Billy Walker
433,The Carter Family
434,Los Brujos
435,The Christ Church Choir
436,riccardo Muti
437,Spongebob Squarepants
438,D'molls
439,Jerry Cormier
440,Cadet
441,Nolwenn Leroy
442,Lexi
443,Major Lance
444,Jape Squad
445,Ndala Kasheba
446,Larry Graham
447,Jeff Massanari Trio
448,Scott Kirkland
449,Márcio Faraco
450,Marc Dorsey
451,Bravehearts
452,Dj Kali
453,Edgar De L'est
454,Manic Street Preachers
455,Bola Sete
456,Crazy Girl
457,Der Moderne Man
458,Edmond Leung
459,Naughty By Nature Featuring Phiness
460,Mix Mob
461,Dr. Elmo
462,A Tribe Called Quest
463,Sergio Franchi
464,Jim Kweskin
465,Richard Burton
466,Back Door Slam
467,Baker
468,Daniel Oren
469,Drag-on
470,Johann Köhnich
471,X-raided
472,Magic Systeme
473,Peaches
474,James Last
475,Solomon
476,Diamanda Galas
477,Astrud Gilberto
478,Stephanie Mills
479,All Stars
480,A Tundra
481,Ivan Parker
482,Desmond Dekker
483,Marcus Miller
484,Queen
485,Earth  Wind And Fire
486,Dharma Bums
487,Uman
488,Nilsson
489,Ill Niño
490,Kuldeep Paras
491,All Girl Summer Fun Band
492,Tanika Turner
493,Diana Ross
494,Eyes Set To Kill
495,The James Taylor Quartet
496,His Burning Flames
497,Ac
498,Death From Above 1979
499,Captain Beefheart
500,Alan Silvestri
501,Jackie Davis
502,dweezil Zappa
503,Chatelaine
504,Mobb Deep
505,Doug Mckenzie
506,O'2l
507,Maria Callas
508,Capleton
509,Dan Moretti
510,sherrill Milnes
511,Orbital
512,Thriller U
513,Byzantine
514,Tim Buckley
515,Apache Indian
516,Beretta
517,Kamelo Punto Semos
518,Kokane
519,Jaime Jamgochian
520,Erik Hassle
521,Floyd Lloyd
522,Toby Love Featuring Julio Voltio
523,The Bronx Horns
524,George Hamilton Iv
525,Singing Melody
526,Dallas Holm
527,Sizzla
528,Dimmu Borgir
529,James Taylor
530,Far Too Jones
531,ambrosian Opera Chorus
532,Cabin Crew
533,Estopa
534,Roy Buchanan
535,Al De Lory
536,Rustless
537,Pep Laguarda
538,Amilcar
539,Jordan
540,Oliversam
541,Beyonce
542,John Mellencamp
543,Limbonic Art
544,berliner Philharmoniker
545,The Primitives
546,Danilo Perez
547,Boney James And Rick Braun
548,Jack Miles
549,Usher
550,Sierra Maestra
551,Neon Blonde
552,Billie Jo Spears
553,M.i.k.e.
554,Artie Fishel
555,New Grass Revival
556,Jackson United
557,Pheeroan Aklaff
558,Merle Watson
559,Echo And The Bunnymen
560,Megadrums
561,Mystery
562,Lightforce
563,Orion
564,Thin Lizzy
565,Ben Jelen
566,Natasha Bedingfield
567,George Mccrae
568,Maria Bamford
569,Earth
570,Herbstrock
571,Headhunter
572,Xzibit Featuring Jayo Felony And Method Man
573,Kurtis Blow
574,Unison
575,Kurupt
576,May-be
577,La Divina Pastora
578,Gil Semedo
579,Wilco
580,Ztrip
581,Solid Gospel
582,Cachao
583,The Velvet Underground
584,War Babies
585,Anat Ben David
586,Lou Reed
587,Greg Vaccariello
588,Grandmaster Flash
589,Byther Smith
590,Shakira
591,Linkin Park
592,K.t. Oslin
593,Elvenking
594,His Lost Planet Airmen
595,Lupe Fiasco Feat. Matthew Santos
596,Ce Ce Rogers
597,Caniche Hara-kiri
598,Ragheb Alama
599,Sergio Mendes
600,Bo Diddley
601,Adalberto Santiago
602,Sirka Ragnar
603,Wanda Jackson
604,From Autumn To Ashes
605,Yami Bolo
606,B.o.b
607,Papoose
608,Tommy James
609,Click_ M_ferri
610,Suede
611,Dave Eggar
612,Leroy Hutson
613,Soda Stereo
614,Richie Ray
615,Kenny Price
616,Bert Kaempfert And His Orchestra
617,The Fray
618,coro Del Teatro Alla Scala_ Milano
619,Karan Casey
620,Punk'd Royal
621,Three 6 Mafia
622,Cassidy
623,Autonomous Bass Heads
624,Unearth
625,Freddie Roulette
626,Boogie Down Productions
627,Booker T.
628,African Rhythm Messengers
629,Danger Danger
630,Chris Wood
631,Bill Laswell
632,My Chemical Romance
633,Willie Bobo
634,Jenney
635,Hollywood Bowl Orchestra
636,Toots
637,Mr. Grillo
638,Philippe Sarde
639,Pmd
640,Roberto Roena
641,Jay Pérez
642,Kymani Marley
643,Esa Pakarinen
644,Kelly Sweet
645,Who
646,Carolina
647,Shawn Colvin
648,Julio Iglesias Jr
649,Kiss
650,Chico
651,Hacken Lee
652,Zapp
653,James Horner
654,Chic
655,The Cate Brothers
656,Little Willie John
657,Billy Butler
658,Willy Deville
659,Beatles
660,The Stolen Minks
661,Cauterize
662,The Exies
663,Fir
664,Luis Alberto Spinetta
665,Ricardo Arjona
666,Washboard Sam
667,Little Capes
668,Michael Whalen
669,Tony Dumas
670,Daniel Kobialka
671,Ann Peebles
672,All Shall Persih
673,Massive Attack
674,Sinead O'connor
675,Bill Engvall
676,Michele Rabbia
677,Salieri
678,The London Theatre Orchestra
679,Newfound Road
680,Frankie Randall
681,Coldplay
682,Fenton Robinson
683,Cmw - Compton's Most Wanted
684,Bronski Beat
685,Leaders Of The New School
686,Mavado
687,Paso Doble
688,Yndio
689,Marc Et Claude
690,Kira
691,Bruce Springsteen
692,Black Sabbath
693,Tupac - As Makaveli
694,Denise Ho
695,Steppenwolf
696,Flamingos
697,The Fire Theft
698,Jesus Otero - Luny Tunes
699,Les Nubians
700,Wiener Sängerknaben
701,Al Rapone
702,Trentemoller
703,Pet Shop Boys
704,Tim Wilson
705,Brian Auger's Oblivion Express
706,Cradle Of Filth
707,Capital Tax
708,Antony And The Johnsons
709,Sebastian
710,Cool Cavemen
711,Jean Corti
712,Lincoln Center Jazz Orchestra
713,Mikey General
714,Elephant Man
715,Juelz Santana
716,The Pharcyde
717,Donnie Brooks
718,Mart'nália
719,Los Barón De Apodaca
720,Rude Boys
721,Scarface
722,Turibio Santos
723,Rodney P
724,Festival
725,Neil Diamond
726,Les Paul And Mary Ford
727,Arco Iris
728,Walter Ego
729,Michèle Arnaud
730,The Ocean
731,Hassan Annouri Feat. Cassandra Steen
732,B.b.king
733,Tinariwen
734,Johnny Copeland
735,Lesley Gore
736,Kool Savas
737,Nicole C. Mullen
738,The Jets
739,Tina Ann
740,Plies
741,Smog
742,Nestor Torres
743,Hard Romantic
744,The Spice Girls
745,Jedi Mind Tricks
746,Franz Ferdinand
747,Kurt Tepperwein
748,The Trammps
749,R.e.m.
750,Kasia Stankiewicz
751,The Fureys
752,Ll Cool J
753,Månegarm
754,Los Salvajes
755,Wilks
756,The Revolutionary Ensemble
757,Pete Miser
758,Nikos Kalaintzis
759,Aiden
760,Andy Russell
761,james Morris
762,Brazilian Tropical Orchestra
763,David Benoit
764,Ray Conniff
765,Onesidezero
766,The Kingsmen
767,Africando
768,Suicide
769,La Billo
770,Ultraviolence
771,Moon Mullican
772,Eddie
773,Fred Merpol
774,Endres
775,silvio Maionica
776,Behemoth
777,5 Blind Boys Of Alabama
778,Manolis Famellos
779,Laurie Berkner
780,Indica
781,Lili Ivanova
782,Telecast
783,Mannheim Steamroller
784,Metallica
785,No Address
786,Leonard Kwan
787,Vanessa Bell Armstrong
788,Dario Marianelli
789,The Katinas
790,Andres Calamaro
791,Jr
792,Jane Winther
793,Mississippi Fred Mcdowell
794,Walter Hawkins
795,Julie Zenatti
796,Alan Feinberg
797,Mocambo Allstars
798,Marie
799,Albert Lee
800,23rd Turnoff
801,Djalma Correa
802,The Knack
803,Isley Brothers
804,Ray Charles
805,Jimmy Johnson
806,Jim Bryson
807,Bionikworld
808,Mitch Ryder And The Detroit Wheels
809,Embrace The End
810,France D' Amour
811,Claw Hammer
812,Simple Minds
813,Malefaction
814,Gang Of Four
815,Peloton
816,Pedro Aznar
817,Casey Bill Weldon
818,David Meece
819,Gato Perez
820,Mithotyn
821,Astarte
822,Mink Deville
823,Sneaky Sound System
824,Pedro Laza Y Sus Pelayeros
825,Justice V Simian
826,Gorgeous
827,Barbara Lusch
828,Candy Lo
829,Fstz
830,The Business
831,León Gieco
832,Joey Mcintyre
833,Paulo Flores
834,Sham 69
835,Britt Nicole
836,Everything But The Girl
837,Jay Tee
838,Herbert Blomstedt
839,Lightnin' Hopkins
840,Vorstadtkinder
841,Mighty Joe Young
842,Julian Cope
843,Gina V. D'orio
844,Sofi Marinova
845,die Garmischer Alpenjäger
846,Viktor Krauss
847,Cab Calloway
848,Steve Riley
849,The Golden Age Orchestra
850,Louisa Mark
851,Akissa
852,Aftermath
853,Champion Jack Dupree With Ts Mcphee
854,His Del Prado Orchestra
855,Antigone Rising
856,The Villas
857,Ashes To Ashes
858,Gordon Macrae
859,Call To Preserve
860,Damone
861,Jonathan Richman And The Modern Lovers
862,Carol Keogh
863,Big Rich
864,Raphaël
865,Andreas Dorau
866,The Cosmosamatics
867,Larry The Cable Guy
868,Intars Busulis
869,Paul Rodgers
870,Deep Puddle Dynamics
871,Hadag Nahash
872,Coven
873,Intex Systems
874,Frankee
875,Diamond D
876,Lunasicc
877,The Irish Rovers
878,Foghat
879,Dj Ostkurve
880,Heavy D
881,Ha-ash
882,Ray Vega
883,The Twinkle Brothers
884,Falling Into Place
885,The Shirelles
886,Catherine Howe
887,Joshua Rifkin
888,Kenny Wayne Shepherd
889,Pj Harvey
890,Mike Bloomfield
891,Temptations
892,David Andreu
893,Shakira Featuring Wyclef Jean
894,Army Of The Pharoahs
895,Hunters
896,Chuck Wicks
897,Fernando Ortega
898,Bloomfield
899,Creedence Clearwater Revival
900,Eddie And The Subtitles
901,Snowgoons
902,David Martin
903,Toby Love Feat. Girlz Talk
904,Joe Grushecky
905,Rockit
906,Storyville
907,James Scott Skinner
908,Cyndi Wang
909,Tracy Chapman
910,Dan Shen
911,Josh White
912,Casual
913,Petit Mal
914,Brownie Mcghee
915,Götterdämmerung
916,Luke Bryan
917,Aimable
918,Jacques Ferchit
919,Bedrock
920,Bob Andy
921,Neeme Jarvi
922,Cobra Killer
923,Buddy Miles
924,Incubus
925,Adrienne Pierce
926,Zagar Feat. Underground Divas
927,Mish Mash
928,Yuppie Pricks
929,Don Campbell
930,Kate Clinton
931,Ella Fitzgerald
932,Bonita
933,Bill Allen And The Backbeats
934,Eduardo Dusek
935,The Stems
936,Elizete Cardoso
937,Jimi Hendrix Experience
938,Gregory Isaacs
939,Mott The Hoople
940,Big Daddy Rick
941,Aurélien Merle
942,Marisela
943,Nichols
944,Klimperei
945,Lil Wayne
946,Jones
947,Tha Alkaholiks
948,De La Ghetto
949,Boys Town Gang
950,Lonestar
951,Helen Love
952,David Bowie
953,Big Rich Featuring J. Stalin
954,The Dreamtree Project
955,Cream
956,Roy Orbison
957,Restless Heart
958,J.j. Cale
959,Oasis
960,Dj Phiene
961,Joell Ortiz
962,Tim Hornsby
963,The Mountain Goats
964,The Weegs
965,Brigada Victor Jara
966,Deekline
967,Blondie
968,Café Quijano
969,Brand X
970,The Sensational Alex Harvey Band
971,noberto Mola
972,Dj Icey
973,Dj Spinn And Dj Rashad
974,Joe Houston
975,Sukhbir
976,Proficy
977,Aliotta Haynes Jeremiah
978,Coffinberry
979,Joan Jett And The Blackhearts
980,Billy Pilgrim
981,Marga Gomez
982,Forensics
983,Lari White
984,Kaskaad
985,Mister Ries
986,Joe Derrane
987,Didier François
988,Cornershop
989,Jill Paquette
990,Miguel Migs
991,The High Strung
992,The Maine
993,Toby Love
994,Julio Iglesias Jr.
995,Leo Genovese
996,Eagles Of Death Metal
997,F.i.r.
998,Fun Lovin' Criminals
999,Starless
1000,Rod Piazza
1001,Roy Carrier
1002,Fontaine Sisters
1003,Danny Diablo Feat. Puerto Rican Myke
1004,Tech N9ne
1005,Chris Jagger
1006,Janina
1007,Sub Focus
1008,Faith Hill
1009,The April Fishes
1010,Afi
1011,[kaleidoskop]
1012,Ino
1013,Mr. De'
1014,Bezel
1015,Jefferson Airplane
1016,Taras
1017,Phil Spector
1018,Greis
1019,Vulgar Pigeons
1020,Klaxons
1021,Joy Kitikonti
1022,Rick Snel
1023,El Gran Silencio
1024,Aswad
1025,Sub Swara
1026,Chacho
1027,Richie Mcdonald
1028,The Bluesbreakers
1029,Vox Dei
1030,Los Melódicos
1031,I.n.t.
1032,Tarheel Slim
1033,gianni Raimondi
1034,parvati Khan
1035,Yahir
1036,Fuel
1037,Jadakiss
1038,Beaver Harris
1039,Assassin
1040,A.z.
1041,Freakhouse
1042,Elton John
1043,Franco
1044,Pacha Massive
1045,Beatnuts
1046,Joselito
1047,Steve Porter
1048,Orquesta Romantica De La Habana
1049,Salsoul Orchestra
1050,Vampire Weekend
1051,Stars Like Fleas
1052,John Coltrane
1053,Christophe Beck
1054,Oscar Lima
1055,Sunscreem
1056,Gewandhausorchester Leipzig
1057,Bill Cosby
1058,Stargarden
1059,1. Futurologischer Congress
1060,Orquesta Harlow
1061,The Cutting Edge
1062,Black Sheep
1063,Pitchblack
1064,Will Pan
1065,The Specials
1066,Bob Berg
1067,orchestra Of The Royal Opera House_ Covent Garden
1068,Hatesex
1069,The Kinks
1070,Ximena Sarinana
1071,Maurice Chevalier
1072,Ian Dury And The Blockheads
1073,Wilks Featuring Jah Mason
1074,Glen Campbell And Bobbie Gentry
1075,Patrick Wolf
1076,James Newton Howard
1077,Fort Minor
1078,Jan Bradley
1079,Cockney Rejects
1080,The Embarrassment
1081,Jimmie Davis
1082,Steel Pulse
1083,Jc Lodge
1084,Rhythim Is Rhythim
1085,Billy Paul
1086,Sister Sledge
1087,herbert Blomstedt
1088,Louis Armstrong
1089,Ashford And Simpson
1090,Corona
1091,Spooky Tooth
1092,40 Grit
1093,The B-52's
1094,Bt Feat. Jes
1095,The Aftermath
1096,Pyranja
1097,Ken Yokoyama
1098,Nicky B
1099,Nouvelle
1100,Dwight Twilley
1101,Norbert Blume
1102,Peggy Lee
1103,Kevin Max
1104,L.a.v.i
1105,Phil Ochs
1106,Jacques Henri Rys
1107,A Ghost Devotion
1108,Nicolas Bacchus
1109,Jimmy Riley
1110,Panic! At The Disco
1111,Tullio De Piscopo
1112,Jazzy B
1113,scrooge
1114,Jody Bernal
1115,Little Freddie King
1116,Cindy Morgan
1117,The Distillers
1118,Ray Lynch
1119,:blacks On :blondes
1120,Various Indian Tribes
1121,The Zydeco Twisters
1122,Xose Manuel Budiño
1123,King Arthur
1124,The Notorious B.i.g.
1125,Autumnblaze
1126,Joe Satriani
1127,Orchestra Sinfonica Di Milano Giuseppe Verdi
1128,Toby Emerson
1129,Adam Levine
1130,Tage Danielsson
1131,Joe Lopez
1132,Woody Guthrie
1133,Fudge Tunnel
1134,Agency 1.9.9.4
1135,Weirdos
1136,Brenda Boykin
1137,To My Surprise
1138,Paul Geremia
1139,Pictures Of Then
1140,The Paul Butterfield Blues Band
1141,The Sonics
1142,Enrique Iglesias
1143,Arc Angels
1144,Sharon Burch
1145,Ed Bruce
1146,Shai Hulud
1147,The Radio Dept
1148,Kent
1149,Constance Demby
1150,Fred Chapellier
1151,Walter Wanderley Trio
1152,Voyager Series
1153,Birds Of Prey
1154,Wolfgang
1155,Vana
1156,Digital Mystikz
1157,Mariah Carey Featuring Da Brat
1158,Olivia Ruiz
1159,Nicholas Hooper
1160,Dylan Kuo
1161,The Jason Bonham Band
1162,The Winans
1163,The Hit Factory
1164,Les Bantous De La Capitale
1165,Little Feat
1166,Anders Jormin
1167,Hot Boys
1168,Miriam Yeung
1169,Mahogany Rush
1170,Keep Of Kalessin
1171,Pigbag
1172,Devo
1173,The Nelons
1174,Los Munequitos De Matanzas
1175,Old Soul
1176,Alceu Valença
1177,Barbara Lynn
1178,Jean-yves Thibaudet
1179,Winds Of Plague
1180,Sam Baker
1181,Pat Green
1182,Carly Simon
1183,G Unit Feat. 50 Cent
1184,Delroy Wilson
1185,Dj Rashad
1186,Connie Smith
1187,Donny Hathaway
1188,Norman Howard
1189,Hinge
1190,Elvis Costello
1191,Dan Cummins
1192,Larytta
1193,F-4
1194,Seguridad Social
1195,Sound Field
1196,K.a.l.i.
1197,Paris Musette
1198,Antonio Koudele
1199,Rolling Stones
1200,Steve Wilson
1201,Nora
1202,Flora Purim
1203,Beach Boys
1204,Farlow-kirch Band
1205,Hot Chocolate
1206,Death Cab For Cutie
1207,Perpetual Loop
1208,Jimmy Wayne
1209,Luisito Rosario
1210,The Byrds
1211,Arthur Tracy
1212,Mance Lipscomb
1213,Bob Neuwirth
1214,Ebru Yasar
1215,The Galactic Heroes
1216,The Advantage
1217,Cursed
1218,Frank Ifield
1219,Hot Tuna
1220,Chase
1221,Motograter
1222,Mary Margaret O’hara
1223,Malcolm Mclaren
1224,Zen Lemonade
1225,Takaru
1226,Maroon 5
1227,World Domination Enterprises
1228,Thåström
1229,Brooke Valentine
1230,Screaming Jay Hawkins
1231,Mawatari Matsuko
1232,George Lopez
1233,Deep Forest
1234,D:fuse
1235,Skip James
1236,Till West
1237,Mustafa Sandal
1238,Vince Guaraldi
1239,B.a.d.
1240,Marcel Azzola
1241,Tony Sheridan
1242,John Cale And Lou Reed
1243,Wham!
1244,Shaman
1245,Tel Basta
1246,Kid Sister
1247,George Harrison
1248,Bettye Swann
1249,Atma
1250,concert Arts Symphonic Band
1251,The Scare
1252,Soul Ballet
1253,Ruby Isle
1254,Beatnuts Featuring Tony Touch
1255,Otis Spann
1256,Mgmt
1257,The Ting Tings
1258,matteo Manuguerra
1259,Cadet Rivers
1260,Z.z. Hill
1261,Bob Carlisle
1262,Edouard Duleu
1263,Cerati-melero
1264,Wet Wet Wet
1265,Gil Scott-heron
1266,Chaotica
1267,Dj X-change Featuring Joey A
1268,Reptil
1269,Foreigner
1270,Dinosaur Jr
1271,Lucas
1272,Dynamix
1273,L.a. Dream Team
1274,Ennio Morricone
1275,Juan Carlos Baglietto
1276,Tex Williams
1277,Busdriver Featuring Abstract Rude
1278,Be Bop Deluxe
1279,Phil Wiggins
1280,Luciana Souza
1281,Havok
1282,Monique Marvez
1283,Charlie & The Tunas
1284,Maceo And The Macks
1285,The Rascals
1286,Clem Cattini
1287,Five Satins
1288,Vince Guaraldi Trio
1289,Trick Trick
1290,Arthur Fiedler
1291,D’angelo
1292,Goldfinger
1293,Piero Umiliani
1294,Love Jones
1295,The Congos
1296,Tesla
1297,Joe Turner
1298,Martha And The Vandellas
1299,Alejandro Lerner
1300,Beres Hammond Feat. Jah Youth
1301,Greek Gypsy Musicians
1302,Vincenzo Bellini
1303,Body Count
1304,Mil
1305,Moss
1306,tatiana Troyanos
1307,Sister Hazel
1308,Flight Of The Conchords
1309,Melissa Auf Der Maur
1310,Sumo
1311,Lily Allen
1312,Patton Oswalt
1313,John Frizzell
1314,Gershon Kingsley
1315,The Antlers
1316,Jessica Myrberg
1317,Thom Yorke
1318,Rolfe Kent
1319,Juan Diego Flórez
1320,Big Mike Griffin
1321,Jonny Lang
1322,Lynyrd Skynyrd
1323,Porno For Pyros
1324,Johnny Winter
1325,Cyndi Lauper
1326,Fever Ray
1327,Charles Williams
1328,Polina
1329,Lole Y Manuel
1330,Shannon
1331,Mick Moloney
1332,Max Sedgley
1333,Ms. Dynamite
1334,Laid Back
1335,Mary Black
1336,Les Ogres De Barback
1337,Koffi Olomidé
1338,Charlie Byrd
1339,Tupac
1340,Aphex Twin
1341,Mighty Diamonds
1342,Jaydee
1343,Ricky Martin
1344,Heinz
1345,Frank Chacksfield
1346,The Rolling Stones
1347,Brooke White
1348,Andy
1349,Jatin Sharma
1350,James Darren
1351,The Black Velvet Band
1352,Nybbl
1353,The Police
1354,The Accursed
1355,The Rambos
1356,Riddlin' Kids
1357,Leon Russell
1358,Why?
1359,Smartbomb
1360,Bill Douglas
1361,Art Ensemble Of Chicago
1362,Céline Dion
1363,Joa~o Gilberto
1364,Bimbo Band
1365,F.l.y.
1366,The Grip Weeds
1367,gianandrea Gavazzeni
1368,Dionne Warwick
1369,Seventh Star
1370,G-unit
1371,The Flesh
1372,Omar Epps
1373,Black Eyed Peas
1374,Ross
1375,Jellyfish
1376,Daryl Coley Featuring The New Generation Singers Reunion Choir
1377,Cheo Feliciano
1378,Kostis Maraveyas
1379,Justus
1380,System Of A Down
1381,Charlie Rich
1382,The Knife
1383,Ron Goodwin
1384,Bowen
1385,Remmy Ongala
1386,Jinx
1387,Tiny Bradshaw
1388,Big Joe Turner
1389,Winston Reedy
1390,Albert Ayler
1391,Michael Jackson
1392,Commander Cody And His Lost Planet Airman
1393,Saafir
1394,Satan's Host
1395,Janis Joplin
1396,Tigerstyle
1397,Our Time Down Here
1398,Talking Heads
1399,I Wayne
1400,Jean Marc Thibault
1401,Nazz
1402,Francisco Céspedes
1403,John Legend [feat. Buju Banton]
1404,Faking David
1405,Plump Djs
1406,Jean Fauque
1407,Ike And Tina Turner
1408,Wordsworth Feat. Adanita Ross
1409,Emotion Code
1410,Enthroned
1411,Daniel Bellqvist
1412,Ray Boltz
1413,Big Star
1414,Barry Mann
1415,Herman’s Hermits
1416,Iona Brown
1417,Esther Williams
1418,Marc Shaiman
1419,Pete Philly
1420,Richard Bonynge
1421,Elton Britt
1422,Avril - Remix By Ana Rago
1423,Cat Stevens
1424,Caspian
1425,Angels
1426,Nwa
1427,Richard Thompson
1428,The Proclaimers
1429,Lulu
1430,The Everly Brothers
1431,For Squirrels
1432,Vuneny
1433,Stephen Warbeck
1434,Pliers
1435,Laron Aka Swan Featuring Alexander East
1436,Nightfall
1437,Diamond Rexx
1438,Take It Back!
1439,Neeme Järvi
1440,Kapelle Herrenweide
1441,Dion
1442,Terry Dexter
1443,Geiom Ft. Marita
1444,The Waybacks
1445,Deepest Blue
1446,Stew
1447,Emperor
1448,Max Stalling
1449,Midge Ure
1450,Tranzas
1451,Groundhogs
1452,Swami Featuring Asuivre
1453,Martin Sexton
1454,Bénabar
1455,Korn
1456,Antimatter
1457,Tony Martin
1458,Jeff
1459,Fredi
1460,George Huff
1461,renato Ercolani
1462,helio Delmiro
1463,Sheri Easter
1464,Art Blakey's Jazz Messengers
1465,John Taylor
1466,Showbread
1467,Aram Shelton
1468,Bible Black
1469,Micachu
1470,Led Zeppelin
1471,Indeep
1472,Don Gibson
1473,Thomas Battenstein
1474,Amil
1475,Dark Party
1476,Doniki
1477,Bloc Party
1478,Platters
1479,The Berzerker
1480,Móveis Coloniais De Acaju
1481,Bobby Pulido
1482,Angélla Christie
1483,Paul Glazby
1484,Pinchers
1485,T-bone
1486,Willie Rosario
1487,John D. Loudermilk
1488,Nancy Walker
1489,Hot Club Of Cowtown
1490,Bandido
1491,Labi Siffre
1492,Vincent Baguian
1493,Grace Jones
1494,Toots And The Maytals
1495,Reni
1496,Manuel
1497,Bedwetters
1498,Boogie Pimps
1499,New Philharmonia Orchestra
1500,David Hudson
1501,Ice Cube
1502,Scott Weiland
1503,Supertalented
1504,Themselves
1505,Nick Cave And The Bad Seeds
1506,Jeff Beck Group
1507,The Starting Line
1508,Charanga De La 4
1509,Elvis Costello And The Imposters
1510,Herbst9
1511,Missy Elliott
1512,Herbert Von Karajan And Turin Rai Symphony Orchestra
1513,The Academy Of St. Martin In The Fields
1514,Horace Andy
1515,Rui Da Silva
1516,Enter The Haggis
1517,Dj Nasty
1518,Timo Maas
1519,Wilks Featuring Pee Wee Ellis
1520,Minipop
1521,John Mauceri
1522,Lou Busch
1523,Carl Smith
1524,Jericho
1525,Shirley Ellis
1526,Äi-tiem
1527,Tin Hat Trio
1528,Dezz White
1529,Rocky Hill
1530,Radio Birdman
1531,Willie Isz
1532,Melatonin
1533,The Party Group
1534,Krs-one
1535,The Tokens
1536,Jo-el Sonnier
1537,John Wesley Ryles
1538,Stellar Kart
1539,Simply Red
1540,Big Boy
1541,Jackie Wilson
1542,Jaguar
1543,Wes King
1544,Steve Vai
1545,Story Of The Year
1546,S.u.p
1547,Barrio Obrero
1548,Ruffneck
1549,Jaci Velasquez
1550,Paul Horn
1551,Commander Cody
1552,Samy Deluxe
1553,Nocturnal
1554,Ras Michael And The Sons Of Negus
1555,Bessie Smith
1556,Static-x
1557,El Presidente
1558,Them
1559,Mista
1560,Jim Reeves
1561,Dixieland Jug Blowers
1562,Eleanor Mcevoy
1563,The Fool's Nose
1564,The Chi-lites
1565,Captain Hollywood Project
1566,Gene Pitney
1567,Bob Dylan
1568,Deitrick Haddon
1569,Tracy Byrd
1570,Los Lobos
1571,Chris Rea
1572,John And The Bluesbreakers Mayall
1573,Righteous Brothers
1574,Robert Palmer
1575,Tim Exile
1576,Fred Simon
1577,Martina Mcbride
1578,Spencer Davis Group
1579,Elliott Smith
1580,The Roots
1581,Axe
1582,The Streets
1583,Cirrus
1584,Owen And Leon
1585,Singing Melody Feat. Robyn
1586,Markus
1587,Orquesta Sinfónica De Madrid
1588,giulio Mauri
1589,Boogie Pimps Feat. Steve Brookstein
1590,Ben E. King
1591,Deee-lite
1592,Hatiras
1593,Archie Bleyer
1594,Dédé Saint-prix
1595,Mohammed Rafi
1596,Babylon Disco
1597,The Mothers Of Invention
1598,Izzy
1599,Kako
1600,James Carr
1601,Baggy Trousers
1602,Arthur Conley
1603,The Decemberists
1604,Erkki Junkkarinen
1605,Percy Faith
1606,Bodeans
1607,Serge Desaunay
1608,Flor Silvestre
1609,Mdo
1610,The Almost
1611,Jesus Jones
1612,T.o.k.
1613,Hardnox
1614,Howard Armstrong
1615,Babbie Mason
1616,Pakatak
1617,Daddy Yankee
1618,The Roches
1619,Sukhwinder Singh
1620,Clarence Profit
1621,Roger Miller
1622,N.u.n.e.
1623,Mike Berry And The Outlaws
1624,Andy Williams
1625,Duffy
1626,Wayne Smith
1627,Cheap Trick
1628,The Jeff Healey Band
1629,Dj Primo
1630,Roger Mcguinn
1631,Dj Envy
1632,Colombiafrica - The Mystic Orchestra
1633,Southside Johnny Lyon
1634,Willy
1635,The Balustrade Ensemble
1636,Kuba
1637,Günter Noris
1638,Gob
1639,Les Brown
1640,The Box Tops
1641,Isabel Pantoja
1642,Khold
1643,Plaza
1644,eugenio Fernandi
1645,Eddie Boyd
1646,Paul Stanley
1647,Lil Mz. 313 Featuring Dj Rashad
1648,Nikki Fletcher
1649,Refractory
1650,Ned Miller
1651,Unwritten Law
1652,Gym Class Heroes
1653,Josh Mullins
1654,Deepface
1655,The Nightraver
1656,Precious Bryant
1657,Aesop Rock
1658,Goose
1659,Rev. Timothy Wright
1660,Kenny Rogers
1661,Electric O
1662,Mack And Jamie
1663,Chanta Vielma
1664,Jim Chappell
1665,Tsar
1666,Workhorse
1667,John Debney
1668,Slick Rick
1669,Richard Smith
1670,Mia
1671,Boards Of Canada
1672,City High
1673,The Johnny Otis Orchestra
1674,All Leather
1675,Dark Shadows
1676,Gall
1677,Gran Coquivacoa
1678,Helen Hobson
1679,Liz Phair
1680,Alberto Cortez
1681,Brainchoke
1682,Andrae Crouch
1683,Stephen Fretwell
1684,Los Jaigüey
1685,Tommy Castro
1686,Grimm
1687,Perrette Souplex
1688,Patti Smith Group
1689,Vandellas
1690,Kashief Lindo
1691,5th Ward Boyz
1692,Grandmaster Flash And The Furious Five
1693,Yung Joc
1694,Burt Bacharach
1695,Barry Goldberg
1696,Bruce Rowland
1697,Lifer
1698,Parachute Band
1699,Organ Donors
1700,Cult Jam (featuring Full Force)
1701,C-side
1702,Cassidy Featuring Swizz Beatz
1703,Mac Dre
1704,Rancid
1705,Pixies
1706,The Wailers
1707,Marcel Carpentier
1708,Count Ossie
1709,Jay-z
1710,Jennyanykind
1711,Kati
1712,Arctic Monkeys
1713,Lorna
1714,The Moody Blues
1715,Youves
1716,The Chico Hamilton Quintet With Fred Katz
1717,Darden Smith
1718,Black Tambourine
1719,Mr Lab!
1720,The Rapture
1721,Nana Caymmi
1722,Daryl Hall
1723,Irma Thomas
1724,Dax Riggs
1725,ettore Bastianini
1726,Hélio Ziskind
1727,At All Cost
1728,Zombina
1729,Deathstar
1730,Eric B.
1731,Melt Banana
1732,Darwin's Waiting Room
1733,Jack Johnson
1734,Katie Armiger
1735,Carl Doy
1736,Liars
1737,Flanders And Swann
1738,Paquito Guzman
1739,Tom Petty And The Heartbreakers
1740,Jo Privat
1741,Danny Elfman
1742,Pascal Sangla
1743,Chris Standring
1744,Billy May
1745,Steinwolke
1746,Louis Prima And Keely Smith
1747,Don Francisco
1748,P. Diddy
1749,Buffy Sainte-marie
1750,Chairmen Of The Board
1751,Hollywood Studio Symphony
1752,Leonard Cohen
1753,Evergreen Terrace
1754,Jessica Simpson
1755,Slightly Stoopid
1756,Sheek Louch
1757,Damita Jo
1758,John Lennon
1759,Stephen Pearcy
1760,Musical Youth
1761,Joan Sutherland
1762,Wyclef Jean Featuring Butch Cassidy And Sharissa
1763,The Mamou Playboys
1764,Firehouse
1765,El Poder Del Norte
1766,Jd
1767,Guitar Slim
1768,Frank Wilson
1769,Ronny Eriksson
1770,Robin Frederick
1771,Beatnuts With Lil' Donny
1772,Christos Dantis
1773,Drop Dead
1774,No Artist
1775,Dj Dips
1776,Cowboy Mouth
1777,Anne Dudley
1778,Sam Cooke
1779,Eve
1780,Nelson Ned
1781,André Blot
1782,Henry Mancini
1783,Inspiral Carpets
1784,A Perfect Murder
1785,Fabolous
1786,Russell Malone
1787,Morton Gould
1788,Jimmy Jones
1789,Scott Walker
1790,Red I Flight
1791,Lara Fabian
1792,Paul Brown
1793,Blue Rodeo
1794,The Flies
1795,Bruno Sanfilippo
1796,Kalimba
1797,Gloria
1798,Open Hand
1799,The Teenagers Featuring Frankie Lymon
1800,Cristy Lane
1801,Room 5
1802,The Walker Brothers
1803,T.g.sheppard
1804,Slum Village
1805,2raumwohnung
1806,Memphis La Blusera
1807,Johnny Osbourne
1808,Soul Embraced
1809,Life Long Tragedy
1810,Def Leppard
1811,Ramses
1812,Low Millions
1813,Charly Garcia
1814,Sylvia Patricia
1815,Smokin' Joe Kubek
1816,Julissa
1817,Hushabye Baby
1818,Flickerstick
1819,Afrojack
1820,Hector
1821,Paul Young
1822,Busdriver
1823,Maysa
1824,Tito Puente
1825,Nina Simone
1826,Mago De Oz
1827,The Cramps
1828,Pumpkin Buzzard
1829,Dj Harry
1830,Shapeshifters
1831,Migraine
1832,Cal Tjader
1833,Kitaro
1834,Small Faces
1835,Sweet
1836,Martriden
1837,Hal Russell
1838,Aretha Franklin
1839,Russ Taff
1840,Richard Galliano
1841,X-tv
1842,Terminal 11 Feat. B.b0nd
1843,Richard Walters
1844,Michal
1845,national Philharmonic Orchestra
1846,Jimmy Mccracklin
1847,Gza
1848,Chet Atkins
1849,Robin Fox
1850,Smokey Robinson And The Miracles
1851,Beyoncé
1852,Mistress
1853,"jay ""screamin"" Hawkins"
1854,Trafik
1855,Doves
1856,Entre Ríos
1857,Beth Nielsen Chapman
1858,Abraham Laboriel
1859,Ian Moore
1860,Red Stick Ramblers
1861,Dj Guy
1862,Mulberry Lane
1863,Michelle
1864,H-town
1865,Whitney Houston
1866,Edith Lefel
1867,david Phelps
1868,Chris Eaton
1869,Juliette
1870,Clannad
1871,Wednesday 13
1872,Patric C
1873,Eno
1874,Edu Lobo
1875,Tony Bennett
1876,Leon Berry
1877,Guy Clark
1878,Sounds Of Blackness
1879,Police
1880,Mark Dinning
1881,The Fever
1882,Sugar Minott
1883,Atari Teenage Riot
1884,Albin Myers
1885,Torcuato Mariano
1886,D.a.r.
1887,Sylver
1888,Glasvegas
1889,Pj Proby
1890,Electribe 101
1891,Pride Tiger
1892,Tommy Torres
1893,Daniel Paul
1894,Double T
1895,Deckard
1896,Saigon Kick
1897,Nicole Mullen
1898,Laura Branigan
1899,Funkadelic
1900,Doors
1901,Dj X-change Featuring Dj Omega
1902,Jimmie Vaughan
1903,Nickelback
1904,C.j. Chenier
1905,Skrape
1906,Timbalada
1907,Mylon Lefevre
1908,Ng3
1909,Dinah Washington
1910,Catherine King
1911,Elena
1912,Charlie Walker
1913,The Russell Family
1914,Sven Scholander
1915,Carl Cox Vs Yousef
1916,Jeff Danna
1917,Class Action
1918,Beres Hammond
1919,Percy Mayfield
1920,Pulp
1921,Jacob Young
1922,Aerosmith
1923,Máire Brennan
1924,Machine
1925,Roger Clyne
1926,The Scorchers
1927,Crowbar
1928,Word
1929,The Suicide Machines
1930,Messy Marv Featuring Clover Geez
1931,Soft Cell
1932,Désolé
1933,The Temper Trap
1934,Dokken
1935,Carlos Vives
1936,The Tall Grass
1937,House Of Pain
1938,Yellowcard
1939,Freddie King
1940,Roj
1941,Bad Azz
1942,Junior Reid
1943,Converge
1944,Cookie Crew
1945,Enuff Z 'nuff
1946,Kirk Franklin
1947,Crosby Stills Nash
1948,Lenn Hammond
1949,Lupe Fiasco
1950,The Shamen
1951,Stern
1952,Ian Campbell Folk Group
1953,Marimba Alma De Chiapas De Juan Palacios
1954,All Time Low
1955,Rusted Shut
1956,Shangri Las
1957,Mxpx
1958,8ball
1959,Inhume
1960,James Carter
1961,Daath
1962,Freedom
1963,Fred Locks
1964,Lockwood
1965,Inner City
1966,Virgil Moorefield
1967,Pariah
1968,I Hate Sally
1969,Junior Jack
1970,Gabriel Grossi
1971,3 Of Hearts
1972,Five Blind Boys Of Alabama
1973,The Jeremy Spencer Band
1974,Ellay Khule
1975,The Germs
1976,Nick Cave And The Bad seeds
1977,Nadine Renee
1978,A-mei
1979,Kieran
1980,Norrie Paramor
1981,Geto Boys
1982,Los Manolos
1983,R D Burman
1984,Dean Elliott And His Big Band
1985,Fabolous Sport
1986,Michael White
1987,Birdapres
1988,stockholm Chamber Choir
1989,Scott Wesley Brown
1990,Las Ketchup
1991,Chris
1992,Martin Denny
1993,Charly García
1994,John Hiatt
1995,Frank Stokes
1996,Grinderman
1997,Adrenalin O.d.
1998,Huey Dunbar
1999,Mystic Revelation Of Rastafari
2000,The Knightsbridge Strings
2001,Chalk Farm
2002,Buffalo Nickel Band
2003,Lloyd Banks & Tony Yayo
2004,The Ataris
2005,Herman Düne
2006,West Street Mob
2007,Richie Havens
2008,Jarvis Cocker
2009,Ghetto Mafia
2010,Jimi Hendrix
2011,Margaret Smith
2012,Liam O'flynn
2013,Floor
2014,Dj Dlg Feat. Mc Flipside
2015,Buddy Jewell
2016,089 Clique Feat. Minnesota Snipe
2017,Country Joe And The Fish
2018,Tony Danza Tap Dance Extravaganza
2019,Ray Davies
2020,Vinylbase
2021,Candi Staton
2022,Kali
2023,Dub Pistols Feat. Tk
2024,Atman
2025,Fire
2026,Dame Joan Sutherland
2027,Les Hou-lops
2028,Silkie Ft. Harry Craze
2029,Fulanito
2030,Tommy Sands
2031,Alex Fong
2032,France D'amour
2033,Patrick Saint-eloi
2034,Jk
2035,The Lord Weird Slough Feg
2036,Beastie Boys
2037,His Latin Soul Brothers
2038,Les Sexareenos
2039,Beenie Man
2040,Loop Guru
2041,Streetwize
2042,Claude François
2043,Robert Wyatt
2044,Shy Fx
2045,Coraleena Ellis
2046,Fastway
2047,The Sunshine Girls
2048,Borialis
2049,2 Minutos
2050,Anu Malik
2051,Arthur Russell
2052,Florida Boys
2053,Perrey And Kingsley
2054,Cinder
2055,Fleet Foxes
2056,Bonzo Dog Doo-dah Band
2057,Lil Boosie
2058,Riccardo Frizza
2059,Robert Plant
2060,Tabu Feat. Mitzib
2061,The Mamas And The Papas
2062,Love And Rockets
2063,Isabelle Adjani
2064,Symphony In Peril
2065,Biddu
2066,Giovanni Maier
2067,Tom Barabas
2068,Brenda Lee
2069,Super Furry Animals
2070,Jackie Edwards
2071,Mercedes Castro
2072,Bnois King
2073,Yvette Horner
2074,Ismael Dueñas
2075,Jack Johnson And Friends
2076,Carol City Cartel
2077,A Challenge Of Honour
2078,Chris Anderson
2079,Tijuana Hercules
2080,giuseppe Nessi
2081,The Game Feat. Jim Jones Camron
2082,Mario Garcia
2083,Jean-michel Rotin
2084,The Mustangs
2085,The Robert Cray Band
2086,Kathy Troccoli
2087,Patti Smith
2088,Dinosaur Jr.
2089,Lloyd Price
2090,Buddy Holly
2091,The Baby Sitters
2092,Shanadoo
2093,Asha Puthli
2094,Tulipunaruusut
2095,Jerry Lewis
2096,Inoki
2097,Monty
2098,Raze
2099,Gerald Clayton
2100,The Americans
2101,The Field Mice
2102,Tyrone Wells
2103,Chelsea
2104,Leland Martin
2105,Twinkle Twinkle Little Rock Star
2106,Sara Melson
2107,Magnatune Compilation
2108,In Extremo
2109,4 Skins
2110,Maria Forde
2111,The Wes Montgomery Trio
2112,Information Society
2113,Taktlo$$
2114,Bruisers
2115,Black Debbath
2116,Electrostatic
2117,Crucial Conflict
2118,Buju Banton
2119,Doug Sahm Tex Mex Trip
2120,The Strokes
2121,The Blind Boys Of Alabama
2122,Ultra X
2123,Marcel Mouloudji
2124,Lonnie Brooks
2125,Dons
2126,Richard Lloyd
2127,Orthrelm
2128,The Antripodean Collective
2129,Headliners
2130,Gabinete Caligari
2131,Israel
2132,Matt Costa
2133,The Sugarhill Gang
2134,Sammi Cheng
2135,Barrabas
2136,The Zebras
2137,Angela Dimitriou
2138,Dame Edna Everage With Carl Davis Conducting The London Symphony Orchestra And The New Antipodean Singers
2139,Doc Pomus
2140,Milo
2141,Bob Cheevers
2142,Neguito Borjas
2143,Buddy Johnson
2144,Sueño Latino
2145,Frederick Knight
2146,Deborahe Glasgow
2147,Oliviero De Fabritiis
2148,Namatjira
2149,Sonora Santanera
2150,The Drifters
2151,Alice Cooper
2152,ghost Of Christmas Present
2153,Billie Holiday
2154,Concretes
2155,Grandpa Jones
2156,Diana Ross And The Supremes
2157,Dilated Peoples Featuring Capleton
2158,Soundgarden
2159,Gnarls Barkley
2160,Passion
2161,The John Buzon Trio
2162,The Last
2163,Epmd
2164,Jimmy Hughes
2165,Bravehearts Featuring Nas And Jully Black
2166,John Martyn
2167,Roots Manuva
2168,Carl Perkins
2169,Tweet
2170,Kyle Minogue
2171,Mick Hucknall
2172,Moving Ninja
2173,Doobie Brothers
2174,Françoise Hardy - Maurane
2175,Long John Hunter
2176,Les Witches
2177,Alice Stuart
2178,Mickey And The Students
2179,Outkast Featuring George Clinton
2180,Henri Pousseur
2181,Zombiesuckers
2182,Zaïko Langa Langa
2183,Mario Piu'
2184,Alain-françois
2185,Pietari Inkinen
2186,Mudhoney
2187,Adrenaline
2188,Soular
2189,Esion Jim
2190,Luna Orbit Project
2191,Delbert Mcclinton
2192,Barenaked Ladies
2193,Charles Aznavour
2194,Kathleen Madigan
2195,Christoper Titus
2196,Sly Dunbar
2197,Geiom Feat. Marita
2198,Theodis Ealey
2199,Eko Fresh Feat. Summer Cem
2200,Kalibas
2201,David Rose
2202,Randy Newman
2203,Beausoleil
2204,Van Morrison
2205,Neil Young
2206,Sundial Aeon
2207,Eko Fresh Feat. Ado
2208,Moving Cloud
2209,Tonic
2210,Ian Dury
2211,Qbo
2212,Pyrolator
2213,Tum Tum [dj Drop Mix]
2214,Madonna
2215,Arif Lohar
2216,Scott Ainslie
2217,Billie Ray Martin Feat. Ann Peebles
2218,Dub Pistols Feat. Lindy Layton
2219,Julien Clerc
2220,Bröderna Djup
2221,Bobby Darin
2222,The Cars
2223,Zuma
2224,Gathering
2225,Edwin Starr
2226,V. Gagarina & N
2227,coro E Orchestra Del Teatro Alla Scala_ Milano
2228,The Brooklyn Tabernacle Choir
2229,Vincenzo
2230,The Spencer Davis Group
2231,Various Production
2232,Bob Marley And The Wailers
2233,Smash Palace
2234,Rebecca Lynn Howard
2235,Ol' Dirty Bastard
2236,Jongo Trio
2237,Alex
2238,Mikey Dread
2239,Sivuca
2240,X
2241,Sigmatropic
2242,Saga
2243,Jean Carignan
2244,Ben Harper And The Blind Boys Of Alabama
2245,Weedeater
2246,Jeff And Sheri Easter
2247,The Bongo Man
2248,Brokencyde
2249,Sleepy John Estes
2250,If I Could Turn Back Time
2251,Kim English
2252,Ronettes
2253,Johnny Otis
2254,Computer Paul
2255,G.g. Allin
2256,Who Made Who
2257,Annie Lennox
2258,Dave Matthews Band
2259,Broadcast
2260,Gene Autry
2261,Bob Willis
2262,Slim Whitman
2263,Silverchair
2264,Faithless
2265,Adolph Hofner
2266,Chorus Line
2267,Stefano Battaglia
2268,Nacho Chapado Feat. Stephen Massa
2269,Total Fucking Destruction
2270,Mouth Of The Architect
2271,Pearl Jam
2272,Glad
2273,Beogradski Sindikat
2274,The Beautiful South
2275,Arne Weise
2276,Kd Lang
2277,Gene Chandler
2278,Rubyhorse
2279,Disco D Feat. Lola Damone
2280,Dhamika
2281,The Pineapple Thief
2282,Glen Ricks
2283,The Marx Brothers
2284,Anthony Johnson
2285,Rise Against
2286,Sam And Dave
2287,Vic Chou
2288,The Oh Sees
2289,The Mighty Flyers
2290,Paula Santoro
2291,Julie Roberts
2292,Siouxsie
2293,thomas Lehrberger
2294,Moist
2295,Angelica Maria
2296,Merrilee And The Turnabouts
2297,Morgion
2298,Obie Bermudez
2299,Bert Kaempfert
2300,Pretty Boy Floyd
2301,Hi-tack
2302,Big Jay Oakerson
2303,Aurlus Mabélé
2304,Lighthouse Family
2305,King Swamp
2306,Steve Azar
2307,Elvira
2308,Dyme
2309,Ellen Mcilwaine
2310,Dyango
2311,Kate Maki
2312,32 Leaves
2313,P.o.d
2314,Pelle Carlberg
2315,Sonora Carruseles
2316,Mungo Jerry
2317,Len Barry
2318,Funeral For A Friend
2319,Ray Price
2320,Etta James
2321,Suburbs
2322,Bing Crosby
2323,L.a. Guns
2324,First Blood
2325,The Velvet Underground And Nico
2326,Barley Bree
2327,Midnight Fish
2328,Manjul
2329,Emilio Tuero
2330,Dabbler
2331,Benny Spellman
2332,Silent Stream Of Godless Elegy
2333,Rockin' Dopsie
2334,Ramesses
2335,Css
2336,Birmingham Jubilee Singers
2337,Outerspace
2338,Jo Charrier
2339,Jimmy Witherspoon
2340,Triana Pura
2341,Mal De Ojo
2342,Koffi Olomide
2343,Josh Turner
2344,Owsley
2345,Remy
2346,Prince
2347,S. Krassovsky
2348,Cassius Clay
2349,Gary Numan
2350,Sasha
2351,Mars Ill
2352,Vixen
2353,Lextrical
2354,Derek Bailey
2355,María Elena Walsh
2356,Dictafone
2357,Smiley
2358,Robert Johnson
2359,Norther
2360,Joanna Connor
2361,La Portuaria
2362,Marcie Blane
2363,Tullycraft
2364,Howie Day
2365,Brian Keane
2366,Alturas
2367,Spok Frevo Orquestra
2368,Cargo Cult
2369,Frederik
2370,Los Titanes
2371,Cardenales Del Exito
2372,Naturally 7
2373,Sonny Stitt
2374,Bt
2375,Pucho
2376,Robben Ford
2377,Los Del Rio
2378,Cavo
2379,The Jam
2380,Gloria Lasso
2381,Novembre
2382,Six Brown Brothers
2383,Anna Meliti
2384,Vonray
2385,Naseebo Lal
2386,George Kranz
2387,Dendemann
2388,Loose Joints
2389,Ketty Db
2390,Très
2391,Crematorium
2392,Sister Rosetta Tharpe
2393,Jawoll
2394,Jope Ruonansuu
2395,Basement Jaxx
2396,Sade
2397,Speech
2398,Sophie B. Hawkins
2399,Colin James
2400,Gonzalo Rubalcaba
2401,Jaguares
2402,Royal S
2403,Oak Ridge Boys
2404,Jimmy Page
2405,The Forms
2406,Sue Thompson
2407,Peret
2408,Tim Hardin
2409,Phuture
2410,Illya Kuryaki And The Valderramas
2411,Off Broadway
2412,Bill
2413,The Stranglers
2414,Skeletonwitch
2415,Masta Ace Incorporated
2416,Zbigniew Preisner
2417,Claus Ogerman
2418,Spliff
2419,Four Tops
2420,Caballo Dorado
2421,Fastball
2422,Dungeon Family
2423,Kinks
2424,David Taylor
2425,Robbie Williams
2426,Göteborgs Symfoniker
2427,Jackson Five
2428,International Chamber Soloists
2429,Kiprich
2430,Paul Simon
2431,Unkle Bob
2432,Three-6 Mafia
2433,Ed Ames
2434,Jean-claude Darnal
2435,Head Horny's
2436,Lexie Mountain Boys
2437,Zo2
2438,Frank Vignola
2439,Tony Tuff
2440,Eric Champion
2441,The Cookies
2442,Spoonie Gee
2443,Béla Fleck
2444,Stickboy
2445,Gösta Ekman
2446,Malkit Singh
2447,Mitch Ryder
2448,Blackalicious
2449,Skeeter Davis
2450,Otis Taylor
2451,Through The Eyes Of The Dead
2452,Modern Lovers
2453,Janie Fricke
2454,Fleetwood Mac
2455,Swallow The Sun
2456,Brent Lamb
2457,John Williams
2458,George Dalaras
2459,Goatwhore
2460,Charley Pride
2461,Ned Nash Orchestra
2462,Neil Innes
2463,Dream Warriors
2464,Home Town Hero
2465,This Moment
2466,Kylie Minogue
2467,Sinead O’connor
2468,Freekey Zeekey
2469,Betika
2470,Brian & Tony Gold
2471,The Gumbo Lickers
2472,Cotton Candy
2473,The Cannanes
2474,Lore
2475,Fania All Stars
2476,Rick Astley
2477,Sofia Karlsson
2478,Ziggy Marley And The Melody Makers
2479,Kiril Valeri
2480,Brixx
2481,M83
2482,Arrested Development
2483,The Communards
2484,Saosin
2485,Statues
2486,Sheila Walsh
2487,Cool For August
2488,Pursuit Of Happiness
2489,Stage Mccloud
2490,Monique Garnett
2491,Savoy Brown
2492,The All-american Rejects
2493,808 State
2494,U2
2495,Philippe Eidel
2496,Harry Choates
2497,Scheich
2498,Kane
2499,Louisa Mark Feat. Kevin Henry
2500,Mike Jones (featuring Cj
2501,Steve Chou
2502,Opals
2503,Jay Z
2504,Jimmy Wakely
2505,Billy Murray
2506,Joni Mitchell
2507,Rufus Featuring Chaka Khan
2508,Frenchy
2509,Tim Mcgraw
2510,William Goldstein
2511,Gwen Mcrae
2512,Dudley Moore And Peter Cook
2513,Free
2514,Thrilla U
2515,Rincon Morales
2516,Christie Hennessy
2517,Jah Cure
2518,Domna Kountouri
2519,Hank Williams
2520,Van Gelder
2521,Jack Orsen
2522,Soul Asylum
2523,Souls Of Mischief
2524,Tilman Sillescu
2525,The Voidoids
2526,Mike And The Mechanics
2527,The Shamrock Singers
2528,Gus Cannon
2529,Harvey Averne
2530,Taya Wooden
2531,Baby Bash
2532,The Cufflinks
2533,Leningrad Cowboys
2534,Nazca Peru
2535,Mystic Rhythms Band
2536,Fontella Bass
2537,Creedence Clearwater Revisited
2538,You Should Go Ahead
2539,Neema
2540,Gloria Gaither
2541,New Breed
2542,Leon Lai
2543,Christos Kedras
2544,The Stooges
2545,Gary Nichols
2546,Widespread Bloodshed
2547,Suzi Quatro
2548,12 Gauge
2549,Mr. Kilombo
2550,Wolfchant
2551,Carpenters
2552,Timo Maas Featuring Mc Chikaboo
2553,Buffalo Springfield
2554,Pepe Romero
2555,Andraé Crouch
2556,React
2557,Nancy Sinatra And Lee Hazlewood
2558,Pescado Rabioso
2559,Tito Rodriguez
2560,Joe Graves
2561,The Licks
2562,Ishkan
2563,Fatman Scoop Featuring The Crooklyn Clan
2564,Bruce Carroll
2565,2-gether Feat. Sarinah
2566,Chico Cesar
2567,Curtis Mayfield
2568,Theodor Zox
2569,The Rodeo
2570,John Stewart
2571,Gloriana
2572,Vickie Winans
2573,Angélica María
2574,Leo Gandelman
2575,The Irish Tenors
2576,The Kings
2577,Jeanie Lambe
2578,Dianne Reeves
2579,Alex Gopher
2580,Friends
2581,Leon Russel
2582,Kat Deluna
2583,Band
2584,Sick Of It All
2585,The
2586,Carl Crack
2587,Los Hispanos
2588,Yamandu Costa
2589,Deborah Allen
2590,Giuseppi Logan
2591,Emma Doyle
2592,False Prophets
2593,Bumblefoot
2594,Anne Briggs
2595,Paul Buckmaster
2596,Sven Tasnadi
2597,Les Blaireaux
2598,Swami Featuring Ishmael Morabe
2599,Cookies
2600,Marilyn Horne
2601,Plasmatics
2602,Sapo
2603,Konexion
2604,Europe
2605,Peter Spence
2606,Matisyahu
2607,Sergio Dalma
2608,Lou Reid
2609,Kitty Wells
2610,Gary Go
2611,Big Pook
2612,Bettye Lavette
2613,Ukw
2614,Cool Connection
2615,Luther Vandross
2616,Conjunto Mar Azul
2617,Benga
2618,Rainer Bielfeldt
2619,Elizabeth Cotten
2620,Pete Bamboo
2621,Tito Allen
2622,Elvin Bishop
2623,Les Malpolis
2624,frank Lopardo
2625,Rhian Benson
2626,Yolandita Monge
2627,Play
2628,Ultimate Fakebook
2629,Elakelaiset
2630,The Last Vegas
2631,Mush
2632,Bezell
2633,Silverstein
2634,Lady Saw
2635,Samba Trio
2636,Byron Cage Featuring Tye Tribbett
2637,The Tamperer
2638,Casiotone For The Painfully Alone
2639,D' Militante
2640,The Black Crowes
2641,Elastica
2642,Clã Brasil
2643,David Gilmour Featuring Richard Wright
2644,Vinícius De Moraes
2645,Trevor Jones
2646,The Lovin’ Spoonful
2647,Porter Wagoner
2648,Jimmy Durante
2649,Wyclef Jean
2650,Nick Conolly
2651,Marcus
2652,William Coulter
2653,Tom Cochrane
2654,Greater Vision
2655,Mighty Mighty Bosstones
2656,Timothy Byram-wigfield
2657,nile Rodgers
2658,Non Stop Djs
2659,Damizza
2660,Weezer
2661,The Gentle Good
2662,The Clash
2663,Valeriana
2664,Bill Withers
2665,The Hidden Cameras
2666,Margaret Becker
2667,Tree
2668,Whitney Cummings
2669,Ana Bekuta
2670,New Roanoke Jug Band
2671,Audio Adrenaline
2672,Flowin Immo Et Les Freaqz
2673,Letters To Cleo
2674,The Small Knives
2675,Mcalmont And Butler
2676,Go Fish
2677,Sticky Fingaz
2678,Xcultures
2679,The Kitchen
2680,Joe Heaney
2681,Uk Subs
2682,Mims
2683,Ferdinand Grossmann
2684,Ty Herndon
2685,Jimmy Ruffin
2686,Bombay Rockers
2687,Seamus Egan
2688,Rocky Whatule
2689,Jets
2690,Al Dimeola
2691,Goldman
2692,Pat Travers
2693,Uriah Heep
2694,Chris Clark
2695,Rhinoceros
2696,Monomonkey
2697,Bambino
2698,Since The Flood
2699,Defari
2700,Mae West
2701,Los Cumbieros Del Sur
2702,Teenage Fanclub
2703,Rachel Loy
2704,The Beatles
2705,Ann Hampton Callaway
2706,Pitman
2707,Big Jim Sullivan
2708,Eiffel 65
2709,Ice-t
2710,Gold City
2711,Ten Wheel Drive
2712,J Elvira
2713,Line Renaud
2714,Cornell Campbell
2715,Sugar Ray
2716,elisabetta Fusco
2717,Fats Domino
2718,Mei Chi Chiang
2719,Ov7
2720,Grand Funk
2721,Rauni Pekkala
2722,Perquisite
2723,Stiff Little Fingers
2724,Eko Fresh
2725,Alicia Keys
2726,Cauda Pavonis
2727,Darcelys
2728,Orenda
2729,Fat Joe
2730,Sonny Landreth
2731,Glen Campbell
2732,Lot Lorien
2733,Schmooche Cat
2734,Josélito
2735,Lauren Wagner
2736,Miracles
2737,Onyx
2738,Space Opera
2739,Juice Leskinen
2740,Capone-n-noreaga
2741,Ensemble Airone
2742,Bebe Winans
2743,Sin Plomo Feat. Boris G.
2744,Groupa Med Lena Willemark
2745,Mirah
2746,Phantom Planet
2747,Terror Squad Featuring Big Pun
2748,Mastodon
2749,Sex Pistols
2750,Brian Mcgrath
2751,The Chieftains
2752,Bas-sheva
2753,Djelimady Tounkara
2754,Stockhausen Waterman
2755,Carl Bean
2756,Kinky
2757,Mum
2758,Pedro Luis E A Parede
2759,Connie Francis
2760,Sparks
2761,Anthony Cruz
2762,Roy Ayers
2763,Selena
2764,Atb
2765,Eric Demarsan
2766,Blindman's Sun
2767,The Contours
2768,Lee Dorsey
2769,Dub Wiser
2770,The Four Pennies
2771,Bappi Lahiri
2772,Kool Moe Dee
2773,Kraftwerk
2774,Coch
2775,Despina Vandi
2776,Van Halen
2777,Charanga Forever
2778,The Steeles
2779,Rainforest Trio
2780,Davol
2781,Grizzly Bear
2782,The Color Red
2783,Bebo Norman
2784,Furry Lewis
2785,Liquid Stranger
2786,Dealership
2787,Jackie Brenston And His Delta Cats
2788,D:fuse Vs The Scumfrog
2789,Kid Creole And The Coconuts
2790,Cigala
2791,Bruce Springsteen And The E Street Band
2792,Janis Joplin And Big Brother And The Holding Company
2793,Dobby Dobson
2794,Jake Hess
2795,Kanda Bongo Man
2796,The Mystic Moods Orchestra
2797,Alvino Rey And His Orchestra
2798,Chimaira
2799,Los Morros Del Norte
2800,Johnny Vicious
2801,Sir Douglas Quintet
2802,Lemon Jelly
2803,Tania Maria
2804,Beatnuts Featuring Dead Prez And Cheryl Pepsi Riley
2805,Engerling
2806,Camerata Brasílica
2807,Mc Sadri
2808,The Bee Gees
2809,Darko
2810,Cómplices
2811,Jennifer Lopez
2812,State Of Chaos
2813,Missy Higgins
2814,The Chinese
2815,Groucho Marx
2816,Supremes
2817,Rocker-t
2818,Niraj Chag
2819,Legion Of Green Men
2820,John Pisano
2821,Hassan Annouri
2822,Drouz
2823,Dick Gaughan
2824,Conjunto Clasico
2825,Patsy Gallant
2826,Talib Kweli
2827,James Hunter
2828,Oliver Lake Quintet
2829,L7
2830,Moonsorrow
2831,Ganglords
2832,Jere Mcallister
2833,Petra
2834,Vincent Bruley
2835,Rachael Lampa
2836,Deborah Coleman
2837,Dale Russ
2838,Cali
2839,Grant Geissman
2840,Tabu Ley Rochereau
2841,The Birds
2842,Matt Redman
2843,Leann Rimes
2844,Sängerknaben Luzerner Kantorei
2845,Dj Echo
2846,Peter Hunningale
2847,Republica
2848,Kommunity Fk
2849,Suzy Thompson
2850,Whitesnake
2851,Dean Martin
2852,Bone Thugs-n-harmony
2853,Champion Jack Dupree
2854,Smut Peddlers
2855,Porcupine Tree
2856,Michelle Tumes
2857,Al Duvall
2858,Gaither Vocal Band
2859,Mark Lowry
2860,Bobby Cruz
2861,Anthony Watson
2862,Emilio
2863,Obie Trice
2864,Screamin’ Jay Hawkins
2865,Latif
2866,Palito Ortega
2867,Scott Glasgow
2868,Arturo Sandoval
2869,Carson Smith
2870,Nana Mouskouri
2871,Cartel
2872,Cyril Pahinui
2873,Mims Featuring J. Holiday
2874,Mother Superior
2875,This Or The Apocalypse
2876,Bescenta
2877,Papa's
2878,The All American Rejects
2879,Dj Quik
2880,Jacques Higelin
2881,Björk
2882,Dottie Rambo
2883,Patrick Eudeline
2884,Rem
2885,Tina Turner
2886,Freq
2887,Jesús López-cobos
2888,Original Love
2889,Imiskoubria Featuring Etsi De
2890,Clementina De Jesus
2891,Erin O'donnell
2892,Easy Star All-stars
2893,Hot Chip
2894,Andrew W.k.
2895,Gerard Lenorman
2896,Dj Kun
2897,Kellie Coffey
2898,Fuzz
2899,Jeff Scott Soto
2900,El Tiempo
2901,Del Shannon
2902,Peppermint Creeps
2903,Test Icicles
2904,Edmundo Ros
2905,Dead To Me
2906,Imiskoubria
2907,Mister Ries Featuring Six Foe
2908,Chucho Valdés
2909,Milk Inc.
2910,Frl.menke
2911,The Whites
2912,The Reverend Peyton's Big Damn Band
2913,Byrds
2914,Bitter End
2915,Jack Off Jill
2916,Claudio
2917,Tom Rainey
2918,George Faith
2919,Dilated Peoples Featuring Devin The Dude
2920,Henri Rene And His Orchestra
2921,Babe Ruth
2922,Ionics
2923,Dj Spinn Featuring Traxman
2924,The Troggs
2925,Sanna Nielsen
2926,Drifters
2927,Belinda Carlise
2928,Caramell
2929,Schizoid
2930,Daniela Dessì
2931,Gian Marco
2932,Phil Collins
2933,Moonface
2934,High Strung
2935,Ec8or
2936,Band Of Gypsies
2937,Antonis Remos
2938,Chapta
2939,Trivium
2940,Jimmy Cliff
2941,Tampa Red
2942,Arsonists Get All The Girls
2943,Anané
2944,Sensations
2945,Blanks77
2946,Townes Van Zandt
2947,Jerry Yan
2948,Justin Timberlake
2949,X (australia)
2950,Althea And Donna
2951,T-bone Walker
2952,Sleepy D
2953,Pedro Garcia
2954,Curt Bois
2955,Kelis
2956,Walter Trout
2957,Gyptian
2958,The Panic Channel
2959,Gilles Perrin
2960,Jeremy Fisher
2961,Willie Barcena
2962,Emit
2963,Mando Diao
2964,Spade Cooley
2965,Jeff Beck
2966,Emilia
2967,Nicholas
2968,The Thrillers
2969,Hawkshaw Hawkins
2970,9th Wonder Featuring Defcon
2971,Brian Littrell
2972,Ronnie Drew
2973,Melvins
2974,Moonspell
2975,Stewart Francke
2976,Kathy Mattea
2977,Terry Callier
2978,Amy Winehouse
2979,J.b. Lenoir
2980,The Rongetz Foundation
2981,The Creation
2982,Sapan Chakraborty
2983,Heaven 17
2984,Hoodfellas
2985,Charlotte Gainsbourg
2986,Dr Bombay
2987,The Boys
2988,George Malcolm
2989,Crystals
2990,Nickelback Featuring Kid Rock
2991,Tyree
2992,Semisonic
2993,I Nuovi Angeli
2994,Don Mclean
2995,Sylvester
2996,Roy Roberts
2997,The Incurables
2998,Charlie Patton
2999,Danny Wilson
3000,Catia Werneck
3001,Belami
3002,Bikini Machine
3003,Egberto Gismonti
3004,Tom Petty
3005,Jazz Gillum
3006,Bob Azzam
3007,Helen O'connell
3008,Rene Touzet
3009,Two Man Advantage
3010,Scott Krippayne
3011,Mu330
3012,Les Paul
3013,This Is Hell
3014,Richard Souther
3015,Fruko Y Sus Tesos
3016,Noemi
3017,arturo La Porta
3018,Múm
3019,Jessica Simpson Featuring Lil Bow Wow
3020,Judy Mowatt
3021,Little Milton
3022,Gerald Veasley
3023,Hotwire
3024,Rajery
3025,lamberto Gardelli
3026,The Dells
3027,Shakedown
3028,Mau Mau
3029,Patrick St-eloi
3030,It Dies Today
3031,Jeff Talmadge
3032,Session Americana
3033,Stephan Micus
3034,Afrika Bambaataa
3035,Aeoliah
3036,Tanya Chua
3037,Remi Nicole
3038,Madilu System
3039,Roy Rogers
3040,Harry Diboula
3041,Aphasia
3042,Pam Thum
3043,Ini Kamoze
3044,Deep Blue Something
3045,Eddie Jefferson
3046,Gene Clark
3047,Teijo Joutsela And Humppa-veikot
3048,Clay Crosse
3049,Bobby Russell
3050,Naëlle
3051,Jorgen Ingmann
3052,Bob Hope
3053,The Gufs
3054,Barbra Streisand And Barry gibb
3055,Lethal Bizzle
3056,Frankie Lymon And The Teenagers
3057,Tears For Fears
3058,Laurindo Almeida
3059,Eri Esittäjiä
3060,Winston Scotland
3061,Marianne Faithfull
3062,Laidback Luke
3063,Baby D
3064,X-ecutioners Featuring Tom Tom Club
3065,The Bureau De Change
3066,James Taylor Quartet
3067,Fu-schnickens
3068,Randy Stonehill
3069,Blind Lemon Jefferson
3070,Electronic Pig
3071,Mike Vax
3072,Johnny Kidd And The Pirates
3073,The Statler Brothers
3074,April Wine
3075,Asure
3076,My Favourite Girl
3077,Bizzy Bone
3078,Martin Carthy
3079,Avril
3080,The Libertines
3081,Mario Piu
3082,Jean-charles Capon
3083,Pee Wee King
3084,Vince Taylor
3085,V Sinizter
3086,Orlando Pops Orchestra
3087,Dexy's Midnight Runners
3088,Roy Drusky
3089,The Pogues
3090,Tommy James And The Shondells
3091,Carolyn Arends
3092,Ladybug
3093,matthew Schwinghammer
3094,Little Jr. Parker
3095,K'naan
3096,Jeckyll
3097,Dann Huff
3098,Dj Rashad Featuring Dj Chi Boogie
3099,El Gran Combo De Puerto Rico
3100,Pierre Boulez
3101,Ralph Stanley
3102,Petrol
3103,Shaquille O'neal
3104,La Bergère
3105,Cece Winans
3106,Frankie Negron
3107,Superchumbo
3108,Little Joe
3109,Orbit
3110,Richard Hawley
3111,Soul Sisters
3112,Vaggelis Perpiniadis
3113,Eddie Palmieri
3114,Marlene Dietrich
3115,Bim Sherman
3116,Eko Fresh Feat. G-style
3117,Jim Jones
3118,The Oak Ridge Boys
3119,Recluse
3120,Eddy Raven
3121,Richard And Linda Thompson
3122,Nando Lauria
3123,Grachan Moncur Iii
3124,Chariots
3125,D.o.w.n.
3126,Dilated Peoples Featuring Black Thought
3127,Shay Torrent
3128,Bruce Katz Band
3129,Quixotic
3130,Daouda
3131,4him
3132,Roger Subirana
3133,Dcs
3134,The Family Stand
3135,Wild Horses
3136,Steve Harvey
3137,The Waterboys
3138,Teena Marie
3139,Amy Lambert
3140,Academy
3141,Los Del Sol
3142,Markscheider Kunst
3143,Coph Nia
3144,Blind Blake
3145,Albert Préjean
3146,The Cure
3147,Tunsi
3148,Taylor Swift
3149,james Levine
3150,New Order
3151,Pete Seeger
3152,Joy Division
3153,Shinehead
3154,Kix
3155,Little Junior Parker
3156,Kmd
3157,The Crickets
3158,Sandi Thom
3159,Les Hurlements D'leo
3160,Abysmal Dawn
3161,George Nooks
3162,Nu Flavor
3163,Blackfoot
3164,The Harvard Lampoon Comedians
3165,The Products
3166,elisabeth Schwarzkopf
3167,Vangelis
3168,Jeff Buckley
3169,Pascal Obispo
3170,Kari Tapio
3171,Santana
3172,Snowpatrol
3173,Zebra
3174,Cedar Walton
3175,Destiny’s Child
3176,David Mingyue Liang
3177,Stiff Meat
3178,Donovan
3179,Portishead
3180,Marvin Hamlisch
3181,Barry Manilow
3182,Roberto Perera
3183,Ffh
3184,Sam Fan Thomas
3185,Livio Minafra
3186,James Blackwood With The Light Crust Doughboys
3187,Georges Parys
3188,Goldfish
3189,The Five Stairsteps
3190,The Sundown Playboys
3191,Non Phixion
3192,Mobb Deep Featuring Nate Dogg
3193,Ernest Ranglin
3194,Orchids
3195,The Bug Featuring Ricky Ranking
3196,La 5a Estacion
3197,Sonny Terry
3198,The Clark Sisters
3199,John Travolta
3200,Blue Mink
3201,Ed Byrne
3202,Rihanna
3203,Dj Slugo
3204,Warrior King
3205,Queens Of The Stone Age
3206,Los Cisnes
3207,Lambda
3208,The Bucketheads
3209,Death Ss
3210,Dj Godfather
3211,Olga Tañon
3212,Adam Fischer
3213,El Barrio
3214,Evolution
3215,D.a.d.
3216,Ebba Forsberg
3217,Five Fingers Of Funk
3218,John Cephas
3219,Adr Lavey
3220,Gram Parsons With Emmylou Harris
3221,Jorge Alfano
3222,Los Chunguitos
3223,Nicho Hinojosa
3224,Livingston Taylor
3225,X-ray Spex
3226,Patrick Bruel
3227,Ace Da Vinci
3228,Kool Keith
3229,Cabas
3230,Sonic Youth
3231,Anane
3232,Red Hot Chili Peppers
3233,Joan Baez
3234,Dead Kennedys
3235,Cedric Myton
3236,Maddox Brothers And Rose
3237,Archie Bell
3238,The Nolans
3239,The Dillinger Escape Plan
3240,Mike Jones
3241,The Sterns
3242,Pete Rock
3243,Lily Allen Featuring Ours
3244,Hiram Bullock
3245,Crabby Appleton
3246,Out Of The Grey
3247,The Harvey Averne Dozen
3248,Kofi
3249,Joe Rogan
3250,Marquez The Greatest
3251,Swans Of Avon
3252,Bukue One
3253,Eugene Mcdaniels
3254,Modern Day Escape
3255,G Unit Ft. 50 Cent
3256,Drowning Pool
3257,Chéco Feliciano And Joe King
3258,The Raconteurs
3259,Chico Hamilton
3260,Buckeye Politicians
3261,Audio Pyper
3262,Lovin' Spoonful
3263,rabbit In The Moon
3264,Dj Spinn
3265,The Dils
3266,trinity Boys' Choir
3267,De La Soul
3268,Misty Roses
3269,Neviss
3270,Willie Clayton
3271,Brian Free
3272,The Fontane Sisters
3273,Gaiteros De Pillopo
3274,Cutting Edge
3275,Ashbrg
3276,Molesta Ewenement
3277,Sugarman Three
3278,David Evans
3279,Natural Elements
3280,Mjg
3281,One Block Radius
3282,Planxty
3283,Shout Out Out Out Out
3284,Urge Overkill
3285,Dan Hicks
3286,Legacy Five
3287,Prozak
3288,Atom
3289,Planetakis
3290,Rea
3291,Bukka White
3292,Os Gaiteiros De Soutelo
3293,Orquesta Aragón
3294,Prince With 94 East
3295,Richi M.
3296,Doug Macleod
3297,Leonid Rudenko
3298,Sheffield Socialist Choir
3299,Angelo Badalamenti
3300,K's Choice
3301,Abyssinians
3302,Cumberland Quartet
3303,Johnny Daye
3304,Clash
3305,Erick Sermon
3306,The Radio Dept.
3307,Charlie Haden
3308,Abracadabra
3309,Ana Nikolic
3310,Charley Patton
3311,Zumpano
3312,Najoua Belyzel
3313,Vicious Mary
3314,David Summers
3315,Koordinate Of Wonders
3316,Tam Tam Go!
3317,Everyday Sunday
3318,Deodato
3319,Dolly Parton
3320,Billy Joel
3321,Solas
3322,Faron Young
3323,Kardinal Offishall
3324,Faith No More
3325,Roger Sanchez
3326,Jr.
3327,Baroness
3328,Checkers
3329,Karen Peck
3330,Douglas Miller
3331,Mira
3332,Samba Mapangala And Orchestra Virunga
3333,Mar Azul
3334,Peggy Seeger
3335,Al Denson
3336,R. Kelly
3337,Fläskkvartetten
3338,Las Niñas
3339,Donna Fargo
3340,The Fall
3341,Chink Santana
3342,Rachel Portman
3343,Michael Convertino
3344,Jewel
3345,V'ro
3346,Sharon Shannon
3347,Run Dmc
3348,Yodi's
3349,The Last Days Of Jesus
3350,Tad
3351,Eazy-e
3352,La Charanga Rubalcaba
3353,Beyoncé Feat. Slim Thug
3354,Shania Twain
3355,Sonny James
3356,Flutlicht
3357,Mongo Santamaria
3358,Black History
3359,Marcio Faraco
3360,Winterlight
3361,Dirty Harry
3362,Wayne Kramer
3363,Kaizers Orchestra
3364,Mick Hanly With Christy Moore
3365,Anna Vissi
3366,Skee-lo
3367,This Moment In Black History
3368,Alfredo Gutiérrez
3369,Webb Wilder
3370,Dntel
3371,Bob Newhart
3372,Faith Yang
3373,Doug Sahm
3374,Paramore
3375,Sportsguitar
3376,D.r.s.
3377,Svartthron
3378,Sal Mineo
3379,Operator
3380,Opiate For The Masses
3381,Dave Valentin
3382,Javier Mendoza Band
3383,Bee Gees
3384,Girls Aloud
3385,Susana Seivane
3386,Dave And Ansel Collins
3387,L. C. Williams
3388,Extreme
3389,Way Out West
3390,Geggy Tah
3391,Zimbabwe Legit
3392,Saman
3393,Shelly Manne
3394,Alice In Chains
3395,Happy Mondays
3396,Juggler
3397,Loketo
3398,Tony Murena
3399,Al Dexter
3400,John Paul Jones
3401,Larissa
3402,Barbara Carr
3403,Buzzhorn
3404,Deborah Harry
3405,Liquid Gang
3406,The Frantic
3407,Mykungfu
3408,Jacques Dutronc
3409,Michael Mcdonald
3410,J.r. Writer
3411,Renee Rosnes
3412,t
3413,Simon And Garfunkel
3414,Atreyu
3415,Planet P Project
3416,Jimmy Herring
3417,Leo Ku
3418,Ghost Machine
3419,!!!
3420,X-static
3421,Melanie Rutherford
3422,The Del Mccoury Band
3423,Eric Burdon
3424,Coldworld
3425,Captain And Tennille
3426,Sam Butera
3427,Bally Sagoo
3428,Eason Chan
3429,Craig Wedren
3430,Simon
3431,Stone Temple Pilots
3432,Tomorrow
3433,Tony Ashton
3434,Slipknot
3435,Vhs Or Beta
3436,Zeromancer
3437,Cast Of Grange Hill
3438,Slarta John
3439,Massiel
3440,Carlton Livingston
3441,Tony Mathews
3442,Sandy Lam
3443,Shirley Collins
3444,Dave Hollister
3445,Prospect
3446,Beneath The Sky
3447,Monique Morelli
3448,Leonard Bernstein
3449,Memphis Sheiks
3450,Jerry Wallace
3451,Albert King
3452,T.g. Sheppard
3453,Terje Lie
3454,Rosco
3455,The Charms
3456,Azis
3457,Jason Mraz
3458,Lyrics Born
3459,rolando La Serie
3460,Edgar Bori
3461,Knack
3462,Agnostic Front
3463,Sabda Brahma
3464,John Stevens
3465,Jim Breuer
3466,The Equals
3467,U4ic Dj's
3468,Metsatöll
3469,Tommy Makem
3470,Lynette Schultz
3471,The Mighty Mighty Bosstones
3472,Irini Merkouri
3473,Bare Jr.
3474,Mohammad Nouri
3475,Joe Jackson
3476,Adam Richmond
3477,Alain Morisod
3478,"buzzov¬en"""
3479,Rickie Lee Jones
3480,Toots Thielemans
3481,Will To Will
3482,Felicia Sanders
3483,Andre Verchuren
3484,Los Fabulosos Cadillacs
3485,Virtuoso
3486,Foxy Brown
3487,Dynamite Deluxe
3488,Oh No
3489,Jah Debda
3490,Dave Brockie Experience
3491,Black Box
3492,Hot Live Guys
3493,Johnny Nash
3494,Mat Maneri
3495,Dee Clark
3496,Gringo
3497,Thomas Dolby
3498,Maire Brennan
3499,Brian Eno And David Byrne
3500,Ice
3501,Mind Furniture
3502,Brian Tyler
3503,Roger Creager
3504,Ghorwane
3505,Alvin Youngblood Hart
3506,Consequence
3507,Blessid Union Of Souls
3508,Nowhere Boys
3509,Kaija Koo
3510,Paloalto
3511,Lady May
3512,T-connection
3513,Matteo Bonfanti E I Maledetti
3514,The Beat
3515,Séamus Egan
3516,Oceansize
3517,Michael Card
3518,S. Solis Y Orquesta
3519,Los Amigos Invisibles
3520,Etienne De Crécy
3521,John Ottman
3522,The Ad Libs
3523,Gunther
3524,Roger Williams
3525,Damita
3526,Corey
3527,The Peacemakers
3528,Bb King
3529,Carlos Ponce
3530,Lifehouse
3531,Tha Liks Featuring Defari
3532,Plies Featuring Tank
3533,Jaco
3534,Alfredo Kraus
3535,Barbarito Diez
3536,Africando All Stars
3537,Benabar
3538,Billie Holliday
3539,disney Studio Chorus
3540,Twista Featuring Cee-lo
3541,Carlton And The Shoes
3542,The Ghost Of Lemora
3543,La Mancha De Rolando
3544,Usher Featuring The Nu Beginning
3545,Lil’ Louis
3546,Jennifer Lopez Featuring Ja Rule
3547,Lords Of The Underground
3548,Benga And Coki
3549,3 Doors Down
3550,Talvin Singh
3551,Handsome Boy Modeling School
3552,Lloyd Spiegel
3553,Tom Jones
3554,The Red Telephone
3555,Five Bolt Main
3556,Terry Jacks
3557,Johnny Otis Show
3558,Marcelo Radulovich
3559,Bob Crosby
3560,Maria & Margot Hellwig
3561,Mello & Lil' Bran)
3562,Justin
3563,John Tchicai
3564,The Wicklows
3565,Mil Featuring Petey Pablo
3566,Gabriela Anders
3567,Eurythmics
3568,Roger Reynolds
3569,Everly Brothers
3570,Daywind Studio Musicians
3571,Orquesta Broadway
3572,David Guetta - Joachim Garraud - Chris Willis
3573,John Coltrane Quartet
3574,Clockwise
3575,The Michael Stanley Band
3576,Demonbreed
3577,The Prefects
3578,Boondox
3579,Django Asül
3580,Nightwish
3581,Mark Ashley
3582,the American Boychoir
3583,Wendo Kolosoy
3584,Marvin Gaye
3585,Los Gaiteros De San Jacinto
3586,Gülcan
3587,Max Romeo
3588,Bimbo
3589,Eddie Cantor
3590,Keira Green
3591,France
3592,Run-dmc Vs. Jason Nevins
3593,The Staple Singers
3594,The Supremes
3595,Dale Hawkins
3596,The Royal Victoria Hotel Calypsos
3597,Dimitri Tiomkin
3598,Dusty Springfield
3599,Lisa Lynne
3600,Guy Forsyth
3601,Semprini
3602,The Smiths
3603,Gertrudis
3604,Marvin Sapp
3605,Temple Of The Dog
3606,Mcgruff
3607,Eldar
3608,English Chamber Orchestra
3609,Andre Popp
3610,Gilbert O’sullivan
3611,Dropkick Murphys
3612,David Johansen
3613,Mad Are Sane
3614,A Different Breed Of Killer
3615,Dijous Paella
3616,Maracaibo 15
3617,Blackbyrds
3618,Brian Dullaghan
3619,Fela Kuti
3620,Aberdeen
3621,089 Clique Feat. Prophet
3622,Chris Difford
3623,Keep Me In Your Heart
3624,V V Brown
3625,Blind Willie Mctell
3626,Major Lazer
3627,Kerson
3628,His Orchestra
3629,Serpentine
3630,Gang Starr Featuring Jeru The Damaja And Lil Dap
3631,T Rex
3632,Dottie West
3633,Her Majesty's Finest
3634,Liquid Spill
3635,Backstreet Boys
3636,Lil Ronnie
3637,Regina Belle
3638,Alphonse Mouzon
3639,Jesse Malin And The St. Marks Social
3640,Giorgos Sabanis
3641,Rated R
3642,Moraes Moreira
3643,Little Eva
3644,Spunk
3645,Chris Rodriguez
3646,Claire Elzière
3647,Terry Muska
3648,The Louvin Brothers
3649,Snap!
3650,Savage Garden
3651,Marco Beltrami
3652,Tresenlesen
3653,Grupo Batuque
3654,Corderoy
3655,Equilibrium
3656,The Mars Volta
3657,Karlheinz Stockhausen
3658,John Fogerty
3659,Leslie Mendelson
3660,Grant And Wilson
3661,The Ronettes
3662,Bobaflex
3663,Barry Mcguire
3664,Depeche Mode
3665,War
3666,Cadacross
3667,James Ingram
3668,Labelle
3669,Afroman
3670,Chris Vickery
3671,Joe Mcbride
3672,Sandy Posey
3673,Dwayne
3674,Hank Locklin
3675,J. Peter Robinson
3676,Vivian
3677,The Sharks
3678,Roy Davis Jr
3679,Lil Boosie Feat. Bun B
3680,Me’shell Ndegeocello
3681,Bone Loc
3682,Bongzilla
3683,Blue October
3684,Marc Perrone
3685,Solitaire
3686,Adam Richman
3687,Cliff Bruner
3688,Buckwheat Zydeco
3689,Usher Featuring Jermaine Dupri
3690,My Little Airport
3691,Rupa
3692,Ewan Maccoll
3693,Sean Kingston
3694,X-ecutioners Featuring M.o.p.
3695,Ashley Slater
3696,John Digweed
3697,Krayzie Bone
3698,The Even Dozen Jug Band
3699,Jimmy Wyble
3700,Plagia
3701,Wayne Watson
3702,Eddie Henderson
3703,Dmz
3704,Channel Live
3705,Debbie Davies
3706,Tha Liks
3707,The Animals
3708,Lil' Band O' Gold
3709,Yamandu + Dominguinhos
3710,Warren Barfield
3711,Au Pairs
3712,Bobby Fuller Four
3713,Los Originales De San Juan
3714,Gang Starr
3715,Lisa Lisa
3716,The Kirkbys
3717,Jerry Reed
3718,Geddy Lee
3719,Chambers
3720,Jim Kweskin With Samoa Wilson
3721,Fast Eddie
3722,Ambient Music Therapy
3723,The Belmonts
3724,Morcheeba
3725,Time Zone
3726,Bounty Killer
3727,Herb Alpert And The Tijuana Brass
3728,The Gone Jackals
3729,Steve Millikan
3730,Carl Belew
3731,Ashtrax
3732,Sunidhi Chauhan
3733,Todos
3734,Criminal Class Usa Is Hush Hush Revolution
3735,Wyclef Jean Featuring Prodigy Of Mobb Deep
3736,Percy Faith And His Orchestra
3737,Xmilk
3738,Salt-n-pepa
3739,Less Than Jake
3740,Carmen Y Laura
3741,(hed) P.e.
3742,Antonio Bribiesca
3743,Cannon's Jug Stompers
3744,Don Davis
3745,Pinch Feat. Rudey Lee
3746,Tweeterfriendly Music
3747,Dora The Explorer
3748,Hound Dog Taylor And The Houserockers
3749,Asterisk*
3750,Johnny Pacheco
3751,Stefon Harris
3752,Al Toomer
3753,Mt. Wilson Repeater
3754,Jim Smoak
3755,"ricky Martin Feat. La Mari De Chambao"""
3756,Rex Allen Jr.
3757,Louis Jordan And His Tympany Five
3758,Big One
3759,Alvino Rey
3760,Concilium Musicum Wien & Paul Angerer
3761,The Good  The Bad And The Queen
3762,Twin Atlantic
3763,Nick Cave
3764,Alain Turban
3765,Valient Thorr
3766,My Neck  My Back (lick It)
3767,Canis Dirus
3768,Oates
3769,Rishi Rich
3770,Jeff Mironov
3771,Unloco
3772,Eluveitie
3773,Massimiliano Damerini
3774,Massive Töne
3775,Geoff Muldaur
3776,Thomas Schobel
3777,Iggy Pop
3778,The Evil Genius Dj Green Lantern
3779,Population Reduction
3780,The Music Of The Mountains
3781,Dead Prez
3782,Cybertribe
3783,M
3784,Daughters
3785,T.i.
3786,Screaming Lord Sutch
3787,Ill Nino
3788,Wilshire
3789,Sukshinder Shinda
3790,Dilated Peoples
3791,Bobby Valentin
3792,Humanzi
3793,Lupe Fiasco Feat. Gemstones
3794,Pink Floyd
3795,Harald Kloser
3796,The Refreshments
3797,Johnny Pearson
3798,Gus Viseur
3799,Candlebox
3800,Mark Feldman
3801,A-fs
3802,The Bug Featuring Spaceape
3803,Kate Bush
3804,Rage Against The Machine
3805,The Administration
3806,String Trio Of New York
3807,Kings Of Leon
3808,Christopher Walken
3809,N.w.a.
3810,Tomash Gee
3811,Chaka Demus
3812,Choir & Great Symphony Orchestra Of The All-union Radio
3813,At The Gates
3814,Dominic
3815,King Curtis
3816,Steve Earle
3817,Disembowelment
3818,Keely Smith
3819,Monster Magnet
3820,The Pretenders
3821,Controlled Dissonance
3822,Kt Tunstall
3823,Deadboy
3824,Charlie Khan
3825,Noemí
3826,Jms
3827,Bright Eyes
3828,The Dirty Skirts
3829,From Dying Skies
3830,Run-dmc Featuring Jagged Edge
3831,Ryan Adams
3832,The Mg's
3833,Chris Brown
3834,Winifred Phillips
3835,Mat Kearney
3836,The Clancy Brothers
3837,Morel
3838,The Diggers
3839,Snooks Eaglin
3840,Warrant
3841,Tha Liks Featuring King T
3842,Capone-n-noreaga Feat. Busta Rhymes And Ron Browz
3843,Blingtones
3844,Eclier
3845,María
3846,Lil' Romeo
3847,6cyclemind
3848,The Gathering
3849,Gorillaz
3850,Harry Connick
3851,Phantomsmasher
3852,Vybz Kartel
3853,Tha Chamba
3854,Filero
3855,Nights Like These
3856,Bitty Mclean
3857,The Edgar Broughton Band
3858,Mägo De Oz
3859,Jeanne Robertson
3860,Los Indios Tabajaras
3861,Finn Macginty
3862,Gustavo A. Santaolalla
3863,Sol
3864,Taking Back Sunday
3865,Key
3866,Fredericks
3867,Parallel Sound
3868,Sly
3869,Sophie Tucker
3870,Spiritualized
3871,2-4 Grooves Feat. Reki D.
3872,Stevie Wonder
3873,Lennie Tristano
3874,Francis Dhomont
3875,Radio Moscow
3876,Allman Brothers Band
3877,Del The Funky Homosapien
3878,Igor Stravinsky
3879,John P. Kee
3880,The Hold Steady
3881,Scalplock
3882,Ray Sandoval
3883,Leila Chicot
3884,Keri Hilson
3885,Los Solitarios
3886,Leonardo Favio
3887,The Human League
3888,J. B. Lenoir
3889,Donna Ares
3890,K.i.z.
3891,luisa Mandelli
3892,paul Plishka
3893,The Wiyos
3894,Oscar Castro-neves
3895,Bad Religion
3896,Joan Jett
3897,Delirious
3898,Deep Purple
3899,Javier Navarrete
3900,Eighteen Visions
3901,Protein
3902,Sonny And Cher
3903,45 Grave
3904,Chops
3905,Mothers Pride
3906,Marty Robbins
3907,Yuridia
3908,Lucky Luciano
3909,Light Of The World
3910,Laura Leon
3911,Gene Vincent
3912,The Wreckers
3913,Jimmy Burns
3914,Theodore Shapiro
3915,Carl Davis
3916,David Tao
3917,Angel Romero
3918,Sly And The Family Stone
3919,Lcd Soundsystem
3920,Lfo
3921,Vulture Industries
3922,Thrice
3923,Shadows Fall
3924,The Presets
3925,David Phelps
3926,Four Tet
3927,Kirk Franklin With Tobymac
3928,Halls And Oates
3929,Hurricane
3930,Jan Wayne
3931,Arctique
3932,Gram Parsons
3933,Troggs
3934,Amanajé
3935,Eddie Cano
3936,Mr Brown
3937,The Spinners
3938,Midwest Product
3939,Liquid Soul
3940,Creedence Clearwater Revived
3941,Diplo
3942,Cliff Edwards
3943,Cross Country
3944,Double Image
3945,Negura Bunget
3946,Jason
3947,Marc Broussard
3948,Faiz Ali Faiz
3949,Blink-182
3950,Wiener Opernorchester
3951,Oscar Peterson Trio
3952,Ivan Tirado
3953,Abc
3954,Tammy Wynette
3955,Sean Callery
3956,Corb Lund
3957,The Motors
3958,A R Rahman
3959,The Number Of The Beast
3960,The Real Kids
3961,Gaetano Donizetti
3962,Daniel Chan
3963,Marco Rima
3964,Hins Cheung
3965,The Maytals
3966,Xzibit
3967,Jane Birkin And Serge Gainsbourg
3968,Rokia Traoré
3969,Paul Carrack
3970,Leeroy Stagger
3971,Morrissey
3972,Los Fabulosos
3973,Aaron Neville
3974,Aleks Syntek
3975,Redman
3976,Sam Mayo
3977,Bon Jovi
3978,Hef Feat. Big2
3979,The Coasters
3980,Radney Foster
3981,The Highwaymen
3982,Drexel
3983,Solomon Burke
3984,Ram Squad
3985,Bonnie ‘prince’ Billy And Matt Sweeney
3986,Clara Nunes
3987,Rooney
3988,Wednesday 13's Frankenstein Drag Queens From Planet 13
3989,Devine And Emilyplay
3990,Shade Sheist
3991,House Of Lords
3992,Bill Perry
3993,Falco
3994,Bad Company
3995,Clarisse Lavanant
3996,Abner Burnette
3997,Mayday
3998,Firehose
3999,Randy Mack
4000,Cherish The Ladies
4001,Arkona
4002,Vilma Palma
4003,Badmarsh
4004,Paul Thorn
4005,Mississippi John Hurt
4006,Skold Vs. Kmfdm
4007,Mark Ronson Featuring Amy Winehouse
4008,Frankie J
4009,The Master Musicians Of Jajouka Featuring Bachir Attar
4010,Crystal Mansion
4011,Francis Dunnery
4012,General Humbert
4013,Atomship
4014,Becky Baeling
4015,Ai Ai Ai
4016,Maria Call
4017,Ulytau
4018,The Bazbaz Orchestra
4019,The Dee Jays
4020,Luigi Marzola
4021,Fixx
4022,Angela Lashley
4023,A Day To Remember
4024,Hamilton Bohannon
4025,Dave Alvin
4026,Jack Orsen Feat. Fumanschu
4027,Amoral
4028,Williamson
4029,Slim Harpo
4030,Emmylou Harris
4031,Mc5
4032,Asleep At The Wheel
4033,T-la Rock
4034,Pamelo Mounk'a
4035,Dillinger
4036,Pluto Shervington
4037,Bill Boyd's Cowboy Ramblers
4038,Martin Lawrence
4039,Juan
4040,Eliane Elias
4041,Styles P
4042,Moments In Grace
4043,Royal Bubble Orchestra
4044,Sui Generis
4045,Rainbow
4046,The Crystals
4047,Paul Cantelon
4048,Natalie Cole
4049,Tora Tora
4050,Fred Weldy
4051,Mons Leidvin Takle
4052,Lizzy Borden
4053,Rory Block
4054,Anthony Blea Y Su Charanga
4055,Oldelaf Et Monsieur D
4056,Mariusz Kwiecen
4057,Young-holt Unlimited
4058,Murskahumppa
4059,Green And Yellow
4060,Pagan Wanderer Lu
4061,Mr. Sancho
4062,Soilwork
4063,The King Sisters
4064,Evanescence
4065,The Plasmatics
4066,Bullethole
4067,Princess Lover
4068,Fabián
4069,Jean Carnigan
4070,Zachary Richard
4071,Reach 454
4072,Wilson Pickett
4073,Zombies
4074,Enslavement Of Beauty
4075,Lauren Wood
4076,Shelley Fabares
4077,Ginny Owens
4078,Archie Bell And The Drells
4079,The Surfaris
4080,Bob Lind
4081,Jeremy Spencer
4082,Ramy Ayach
4083,Organized Konfusion
4084,3 Way Funk
4085,Eric Clapton
4086,Esser
4087,Line Renaud - Dean Martin
4088,The Ruby Suns
4089,Shelby Flint
4090,The Verve Pipe
4091,Dj Clue
4092,Beto Y Sus Canarios
4093,Afs
4094,Carlos Embales - Cutumba
4095,Flexy
4096,Webbie
4097,The Insects
4098,Frederic Galliano
4099,Zeca Baleiro
4100,Hysterie
4101,Fiasko
4102,Bury Your Dead
4103,The Who
4104,Beautiful Creatures
4105,Tevin Campbell
4106,Malina
4107,Annie Philippe
4108,Izzy Stradlin And The Ju Ju Hounds
4109,Coolio Da Unda Dogg
4110,Nick Ingman
4111,mario Borriello
4112,Louie Ramirez
4113,One Be Lo
4114,Joy Enriquez
4115,Gloria Gaynor
4116,Big Audio Dynamite
4117,Bizarre Inc
4118,Lee Michaels
4119,Josie
4120,The Cortinas
4121,Dave Graney
4122,Foo Fighters
4123,Emeneya
4124,Movado
4125,Spacemen 3
4126,Frank Marino
4127,Citizen Kaned
4128,Roy Brown
4129,Halfway To Gone
4130,Natalie Macmaster
4131,Vaselines
4132,Héroes Del Silencio
4133,Paul Weller
4134,Assurance
4135,The Impressions
4136,William Blake  Charles Hubert And Hastings Parry
4137,R Kelly
4138,Poncho Sanchez
4139,The Gaskets
4140,Die Symphony
4141,Pinch
4142,Chubby Checker
4143,Leo Dan
4144,Danielle Bollinger
4145,Olov Johansson
4146,Jupiter Rising
4147,Screamin' Jay Hawkins
4148,The Jane Shermans
4149,Gisele Mackenzie
4150,Bodies In The Gears Of The Apparatus
4151,Willie Colon
4152,Klubbingman Feat. Beatrix Delgado
4153,Pablo Montero
4154,Sylvia Tosun
4155,Stephen Marley
4156,Ken-y
4157,M.a. Numminen
4158,Y
4159,Wendy Moten
4160,Dictators
4161,Bülent Ceylan
4162,Nine Inch Nails
4163,Gipsy Kings
4164,Nat King Cole
4165,The Sun Harbor's Chorus-documentary Recordings
4166,Mongo Santamaria Orchestra
4167,The Funeral Pyre
4168,Steve Gordon
4169,Kitty Kallen
4170,Cass Fox
4171,Shri
4172,Nicky Hopkins
4173,Suzanne Gabriello
4174,Katy Perry
4175,Azukx
4176,Hot Club Of Detroit
4177,John Berry
4178,Phonte
4179,Marina Hottine
4180,Kathy Troccoli With Aaron Jeoffrey
4181,Rodney O
4182,Fabri Fibra
4183,Karaoke (made Famous By Dmx)
4184,Yz
4185,Fiona
4186,David
4187,Saukrates
4188,Alvin Youngblood hart
4189,Suicidal Tendencies
4190,Max Melvin
4191,Ma Rainey
4192,Sonny Boy Williamson
4193,Cult Jam
4194,The London Pops Orchestra
4195,Kuijken Kwartet
4196,dc
4197,Taboo
4198,Indigenous
4199,Karnig Sarkissian
4200,Carole King
4201,Mary Ford
4202,T Power
4203,Miranda Lee Richards
4204,Alex Ubago
4205,Beenie Man Featuring Janet Jackson
4206,Run-dmc
4207,Fast Eddie Featuring Kool Rock
4208,Fort Minor (featuring Mr. Hahn)
4209,Jean Ferret
4210,Raymond Girerd
4211,Her Tub Jug Washboard Band
4212,Lidell Townsell
4213,Nicola Fasano
4214,Steve Green
4215,Kékélé
4216,Christian Quast
4217,Fiona Sit
4218,piero De Palma
4219,Carman Featuring Commissioned
4220,Charlie Peacock
4221,Daryl Coley
4222,The Frequency
4223,Steve Morse
4224,Bow Wow Wow
4225,Dexys Midnight Runners
4226,Miossec
4227,Aristotle
4228,Gloria De Haven
4229,Jonn Serrie
4230,Amber Nicholson
4231,Alias
4232,Seven Mary Three
4233,Peter Tosh
4234,Cindy Lauper
4235,Amorphis
4236,Jah Wobble
4237,Del Tha Funkee Homosapien
4238,Philip Bailey
4239,Kai Winding
4240,P.o.d.
4241,Francky Vincent
4242,Future Leaders Of The World
4243,Skyforger
4244,tul
4245,Sugarbomb
4246,The Shondells
4247,Loretta Lynn
4248,Graham Central Station
4249,The Continentals
4250,Kooii
4251,Albert Collins
4252,P.o.s
4253,Yiannis Tassios
4254,Mariah Carey
4255,Rod Bernard
4256,Tram 11
4257,Inspector 9
4258,Lord Kitchener
4259,T-nutty
4260,Reel Big Fish
4261,Fountains Of Wayne
4262,Los Auténticos Decadentes
4263,Hyde
4264,Chango Spasiuk
4265,Debra Laws
4266,Berlin
4267,Big Dee Irwin
4268,Frankie Howard
4269,Mariachi Silvestre Vargas
4270,Damian Marley
4271,Cake
4272,Languis
4273,Rick James
4274,Fran Perea
4275,Jan Howard
4276,Sandra Mihanovich
4277,Tigertailz
4278,Karen Peck And New River
4279,Beres Hammond Feat. Natural Black
4280,Sun Yan-zi
4281,Dusminguet
4282,Rick Ross
4283,No-tone Ft.inusa
4284,Emile Vacher
4285,Andy Griffith
4286,J.c. Lodge
4287,Roberta Flack
4288,Lady Gaga
4289,Paul Summer
4290,Giorgos Marinis
4291,Pepe Kalle
4292,Terror Fabulous
4293,Gal Costa
4294,N. Shpiller
4295,Vienna Concert House Orchestra
4296,Cats In Boots
4297,Mase
4298,The Race
4299,Jars Of Clay
4300,Save As
4301,Bel Canto
4302,Bobby Vee
4303,Randy Travis
4304,Warner Mack
4305,Paul Mccartney And Wings
4306,Ben Watt Feat. Estelle
4307,Groove Karma
4308,Dells
4309,Lonnie Johnson
4310,John Mayer
4311,Extasick
4312,Oztara
4313,Elmore James
4314,When Dinosaurs Ruled The Earth
4315,King Curtis With Jack Dupree
4316,Anneli Drecker
4317,Aaron Watson
4318,Dala
4319,Fall Out Boy
4320,Los Iracundos
4321,The Perrys
4322,George Jones
4323,Throw The Fight
4324,Roberto Torres
4325,Radiohead
4326,John Sebastian
4327,Séamus Ennis
4328,Earth Wind
4329,Harry Lauder
4330,The Eagles
4331,Cornel Campbell
4332,Old Man's Child
4333,Half Man Half Biscuit
4334,John Mayall
4335,Dickies
4336,Bob Margolin
4337,Mychael Danna
4338,Pery Ribeiro
4339,Hubert Kah
4340,Thirst
4341,The Dylans
4342,Natassa Theodoridou
4343,Architecture In Helsinki
4344,99 Posse
4345,David Robertson
4346,Nick Drake
4347,Mykill Miers
4348,Danny Davis
4349,Leana
4350,The B-52’s
4351,Tshala Muana
4352,Memphis Minnie
4353,The Mighty Clouds Of Joy
4354,"dave Baby"" Cortez"""
4355,Floyd Cramer
4356,Chuck D
4357,Banda La Bocana
4358,Dédé Saint Prix
4359,Los Chichos
4360,Swami
4361,Kingsmen
4362,Guns N' Roses
4363,Poptart Monkeys
4364,Montrose
4365,Fehlfarben
4366,Jerry Butler
4367,Cancer Bats
4368,Steve Goodman
4369,The Normal
4370,Jha Jha
4371,Los Ninos De Sara
4372,Afrob Feat. Sarah
4373,Skyclad
4374,Jeannie C Riley
4375,Orquestra De La Comunitat Valenciana
4376,Outkast
4377,John Wesley
4378,Charlie Mccoy
4379,Joe Cocker
4380,Paul Taylor
4381,David Jalbert
4382,Christina Aguilera
4383,Herbie Hancock
4384,Diesel Boy
4385,Shifty
4386,Commodores
4387,Biz Markie
4388,Mississippi Mass Choir
4389,R. Carlos Nakai
4390,Junior Kimbrough
4391,Aceyalone
4392,Perfection
4393,Jude Cole
4394,Prince And The Revolution
4395,Johnny Keating
4396,Jay
4397,Thomas Wander
4398,New River
4399,Marilyn Monroe
4400,Tom Collier
4401,The Small Faces
4402,Dakis
4403,David Lynch
4404,Commander Cody And His Lost Planet Airmen
4405,Mario Telles
4406,Methods Of Mayhem
4407,Freddie Mcgregor
4408,Pale Forest
4409,Johnny Mandel
4410,Luciano
4411,Ancient Astronauts
4412,Peggy Zina
4413,The Elders
4414,Oscar Castro Neves
4415,Supastarr & Tony Manshino
4416,Andree Grandjean
4417,Eastmountainsouth
4418,Twinkle
4419,Shriekback
4420,Suzanne Ciani
4421,Alas
4422,Sonny Simmons
4423,Top Of The Poppers
4424,Françoise Dorin
4425,Ten Years After
4426,Tommy Mclain
4427,Donnie Mcclurkin
4428,Théophil
4429,Pantanito
4430,Rakim
4431,The Hokum Boys
4432,Georges Brassens
4433,Zenfu
4434,Erik Tronic
4435,Wizard
4436,Phil Vassar
4437,Bug Mafia
4438,Krystof
4439,B.b. King
4440,Jonathan Edwards
4441,The Honeydogs
4442,The Red Jumpsuit Apparatus
4443,Carlos Jimenez
4444,Quadro Nuevo
4445,Michelle Wright
4446,Lupe Fiasco Feat. Gemstones And Graham Burris
4447,Stan
4448,Hatebreed (int License)
4449,Nirvana
4450,Milieu
4451,Sane Band
4452,André Verchuren
4453,Red Foley
4454,Stelios Dionisiou
4455,The Misfits
4456,Richard Hawley And Death Ramps
4457,Ital Tek
4458,Hurricane G
4459,Patrick Samson
4460,The Avengers
4461,Faye Adams
4462,Will Ackerman
4463,The Lord Henry
4464,Utopia
4465,Bon Iver
4466,The Faces
4467,Wang Chung
4468,Keb' Mo'
4469,Janice Robinson
4470,Nightswimmer
4471,Annie Minogue Band
4472,Perrocker
4473,Johannes Linstead
4474,Wilks Featuring Doniki
4475,Noah Lewis
4476,Nelly
4477,Vrse Murphy
4478,Verve
4479,Ufo
4480,Big Rich Featuring Devo
4481,Robin Beanland
4482,Belle
4483,J-mack
4484,The House Of Love
4485,Juana Molina
4486,First Choice
4487,John Cale
4488,Jamie Richards
4489,João Gilberto
4490,Luke Vibert
4491,Joe Bataan
4492,Simon Harris
4493,Scweez
4494,Mathey
4495,Arcade Fire
4496,Ramón Vargas
4497,London Theatre Orchestra
4498,Lit
4499,Jarvis Church
4500,Soul Mekanik
4501,Small Facers
4502,Butterfly Temple
4503,Solistiyhtye Suomi
4504,Sir Neville Marriner
4505,Twila Paris
4506,Jimmy Mcgriff
4507,I Podilates
4508,Virtue
4509,Moises
4510,Mark Wills
4511,Jackson Browne
4512,Wanda De Sah
4513,The Summer Obsession
4514,Bobby Bland
4515,The Witnesses
4516,Ry Cooder
4517,Terry Riley
4518,Cracker
4519,Chris Hughes
4520,A-studio
4521,Bacilos
4522,Spinal Tap
4523,Bellatrax Feat. Tina Cousins
4524,Defect
4525,The Merry Macs
4526,Killers
4527,Aaliyah
4528,Marco Polo
4529,Cure
4530,East To West
4531,King Tee
4532,Kelly Clarkson
4533,Wonderland
4534,Basic Channel
4535,Dj Isaac
4536,T Lavitz
4537,Bebo
4538,Daan Junior
4539,Blind Willie Johnson
4540,Ministère Des Affaires Populaires
4541,Meiway
4542,Selector
4543,The Freedom
4544,Georges Delerue
4545,Reyes
4546,Fortitude
4547,Ashton Shepherd
4548,Love
4549,Stevie Ray Vaughan
4550,Mario Rosenstock
4551,Between The Buried And Me
4552,Big Mama Thornton With Kansas Bill And His Orchestra
4553,Herbert Von Karajan
4554,Marion Harris
4555,Bobby Broom
4556,The Elephantmen
4557,Daniel Johnston
4558,Gary Hobbs
4559,The Hollywood Brats
4560,Jimmy Webb
4561,Jose Luis Perales
4562,Amalia Avgoustaki
4563,Francis Lai
4564,Melanie And The Secret Army
4565,Jah Stitch
4566,Jay Randall
4567,orchestra Del Teatro Alla Scala_ Milano
4568,Neil Sedaka
4569,Al Di Meola
4570,Pelt
4571,Bottom Of The Hudson
4572,Spectra Soul
4573,Vodka Collins
4574,Electric Light Orchestra
4575,Jds
4576,Sex Machine
4577,Annie Blanchard
4578,Michael Bloomfield
4579,Sick On The Bus
4580,David Cook
4581,Merle Haggard
4582,Cândido
4583,Speaker
4584,Vitamin C
4585,Paul Overman
4586,The Monroes
4587,Cherrelle
4588,Oui Oui
4589,Mf Doom
4590,Taste
4591,Remy Shand
4592,Zeltinger Band
4593,Bonnie Raitt
4594,Conway Twitty
4595,The Katies
4596,Caetano Veloso
4597,Gwar
4598,Dave Weckl
4599,Skinny Cueball
4600,Frost
4601,Daddy Dog
4602,Jah Legacy
4603,The Family Stone
4604,Smidi Beats
4605,Anubis Spire
4606,london Philharmonic Orchestra
4607,Juan Carmona
4608,Power Pill Fist
4609,Marco Demark Feat. Peter Millwood
4610,Frank Caliendo
4611,Stanley Clarke
4612,Gustavo Cerati
4613,Hatebreed
4614,Ann Lee
4615,Gisselle
4616,Jeanne Pruett
4617,Mike Brooks
4618,Jean Lumière
4619,Paulette Tajah
4620,Varios
4621,Band Of Horses
4622,John Van Tongeren
4623,Vilma Palma E Vampiros
4624,Bad Brains
4625,Orlando Pops Orchestra And Andrew Lane
4626,Rockabye Baby!
4627,Johnny Horton
4628,Guitar Shorty
4629,Dio
4630,Klaus Badelt
4631,Eddie Turner
4632,Kris Gruen
4633,Daylight Torn
4634,Max B
4635,Scarlet's Remains
4636,Charlie Byrd Trio
4637,"clarence Gatemouth"" Brown"""
4638,Al Green
4639,Nic Endo
4640,Irreversíveis
4641,Sanshiro
4642,Special Duties
4643,Piero Esteriore
4644,Dub Pistols Feat. Rodney P
4645,Jennifer Clarke
4646,nicola Rossi-lemeni
4647,Tyrone Davis
4648,Martha Wainwright
4649,Enuff Z Nuff
4650,Ken Chu
4651,the Genius
4652,3 Steps Ahead
4653,Sugarhill Gang
4654,Chantal Chamandy
4655,Misfits
4656,Ol’ Dirty Bastard
4657,The Killers
4658,Jennifer Brown
4659,Mötley Crüe
4660,John Oates
4661,The Temptations
4662,Gilberto Gil
4663,James Brown
4664,Don
4665,Roxy Music
4666,Ramones
4667,Disco D
4668,Sinch
4669,Alternative Tv
4670,Patty Griffin
4671,Hall
4672,Hemdale
4673,We Show Up On Radar
4674,Undertakin' Daddies
4675,The Pop Group
4676,Mil Featuring Memphis Bleek
4677,Look Up
4678,Rah Digga (featuring Outsidaz)
4679,The Chiffons
4680,Philip Glass
4681,Jim Jones Featuring Oshy
4682,Christian Adam
4683,The Notorious Big
4684,Kenny Neal
4685,Busta Rhymes
4686,Paul Rogers
4687,Butthole Surfers
4688,Eddie Cochran
4689,The Booth Brothers
4690,Needle Of Death
4691,Noel Harrison
4692,Tom Waits
4693,Kyle Riabko
4694,Adam Ant
4695,gabriella Carturan
4696,Andy Kaufman
4697,Maria Bethânia
4698,Pepper
4699,Ed Calle
4700,Bizzy Bone Presents
4701,Virus
4702,Bullet For My Valentine
4703,Zombie Girl
4704,Janice Vidal
4705,Sonic Subjunkies
4706,Jason Michael Carroll
4707,Miguel Gallardo
4708,Beherit
4709,swedish Radio Choir
4710,Oliver Kalkofe
4711,Nikos Xilouris
4712,Étienne Daho
4713,Mindless Self Indulgence
4714,North Mississippi Allstars
4715,Keira Knightley
4716,Avril Lavigne
4717,Pennywise
4718,Live Forever
4719,Edwin Hawkins
4720,Jean Gabin
4721,Judas Iscariot
4722,Animals
4723,Kartik Seshadri
4724,Willie Clancy
4725,Emery
4726,Spieluhrmelodien
4727,Connemara Stone Company
4728,Cesar Camargo Mariano
4729,Berrogüetto
4730,Big Daddy Kane
4731,Der Plan
4732,Yölintu
4733,Sonny (of P.o.d.)
4734,The Skeletones
4735,Pentangle
4736,Java
4737,Rikk Agnew
4738,Barry Manilow Featuring The Glenn Miller Orchestra With Debra Byrd
4739,Elbow
4740,Dean Evenson
4741,Paul Westerberg
4742,Confetti's
4743,Hey Colossus
4744,J.b.lenoir
4745,The Plimsouls
4746,Ya Boy
4747,Maurice Larcange
4748,Jamie Principle
4749,Old Man
4750,Felix Slatkin
4751,"bobby Blue"" Bland"""
4752,Gwen Stefani
4753,The Disposable Heroes Of Hiphoprisy
4754,Giorgos Tsalikis
4755,giuseppe Zampieri
4756,Xlnc
4757,Bryan Ferry
4758,Cannibal And The Headhunters
4759,Steve Smith
4760,charlotte Ritchie
4761,Leigh Jones
4762,The Bad Seeds
4763,Darryl Worley
4764,Daft Punk
4765,C.l. Smooth
4766,Yggdrasil
4767,Irtio
4768,Swim
4769,Paris
4770,Rudolph Valentino
4771,Andréa
4772,An Cafe
4773,The Wilburns
4774,Los Rumberos Catalanes
4775,The Exciters
4776,Panic At The Disco
4777,Slackbaba
4778,Various Artists
4779,Pre
4780,Papp'os Blues
4781,Justo Almario
4782,Dmx
4783,Konstantinos Galanos
4784,Sean Paul
4785,Stevie Ray Vaughan And Double Trouble
4786,Lightnin' Slim
4787,Leroy Van Dyke
4788,Les Bonapartes
4789,The Stone Roses
4790,Dixie Cups
4791,Alexandre Desplat
4792,Steve Erquiaga
4793,Ten Madison
4794,Terror Squad
4795,Patrizia Pace
4796,The Jordanaires
4797,Henry Lee Summer
4798,Juanes
4799,Orchestra E Coro Del Palacio De Bellas Artes Di Cittá Del Messico
4800,Montserrat Caballé
4801,Viki Mosholiou
4802,The Danny Moss Quartet
4803,Arthur Brown
4804,Usa For Africa
4805,Kris Kristofferson
4806,José Roberto Bertrami
4807,Wamdue Project
4808,The Flying Burrito Brothers
4809,Spike Jones And His City Slickers
4810,John Michael Talbot
4811,Dave Rave
4812,Coco Montoya
4813,Dj Taz
4814,Flávio José
4815,Mr.de'
4816,Twenty 4 Seven
4817,Orquesta Aragon
4818,Grup Knar
4819,Gustavo Santaolalla
4820,Rhian Lois
4821,Doyle Bramhall
4822,Wolfmother
4823,Janet Paschal
4824,Fyah Blaze
4825,The Smashing Pumpkins
4826,Joey Negro
4827,Bersuit Vergarabat
4828,Grey Area
4829,Jyve V
4830,9th Wonder
4831,Human Disease
4832,Monika
4833,Bmx Bandits
4834,Hollowtip
4835,Max Steiner
4836,John Pagano
4837,Mick Clarke
4838,Rance Allen Group
4839,Nino Nardini
4840,Danny Williams
4841,Kill The Client
4842,Tri Atma
4843,Clarence Fountain
4844,Time Factory
4845,George Michael
4846,The Firesign Theatre
4847,Mazz
4848,Bomb Squad
4849,Kruger
4850,Soul Brothers Six
4851,The Jackson 5
4852,Sunnyland Slim
4853,Mos Def
4854,Mr Dubz
4855,Monty Are I
4856,Gail Davies
4857,Pascal Lejeune
4858,Marilyn Scott
4859,Derek And The Dominos
4860,The Rance Allen Group
4861,White Willow
4862,Los Delinqüentes
4863,Frankie Gavin
4864,Eyehategod
4865,David Saylor
4866,Dj X-change Featuring Dj Joey A
4867,Gov't Mule
4868,Kzss
4869,Big John Greer
4870,Helluva
4871,Ray Kane
4872,Ada Jane
4873,Muddy Waters
4874,John Wayne
4875,Alfredo Kraus - Orquesta De Conciertos De Madrid - Pablo Sorozábal
4876,Tones On Tail
4877,22-20s
4878,Norman Greenbaum
4879,Devanic
4880,Becoming The Archetype
4881,Lloyd Banks
4882,Cantara
4883,Eddie Jones
4884,Dennis Brown
4885,Dead Hearts
4886,Arika Kane
4887,Edelweiss
4888,Dine Et Déon
4889,Sonia Dersion
4890,Jimmy Nelson
4891,Jerry Goldsmith
4892,Vickie
4893,Marygold
4894,Mint Condition
4895,Chris Camozzi
4896,Dark Fortress
4897,Wade Ray
4898,Henk Geuke
4899,Scar Symmetry
4900,Humble Pie
4901,Big Maybelle
4902,Mixxmaster
4903,Frank Sinatra
4904,Leona Lewis
4905,The Blue Nile
4906,Heavenly
4907,Tyr
4908,Chris Farlowe
4909,Russ Morgan
4910,Syl Johnson
4911,Alexander Zonjic
4912,Soilent Green
4913,Taint
4914,Nas
4915,The Beach Boys
4916,R.l. Burnside
4917,Ocho Y Media
4918,Vilma E Vampiros Palma
4919,Tony Matterhorn
4920,2xl
4921,Snow Patrol
4922,plinio Clabassi
4923,X-ecutioners Featuring Big Pun
4924,Paul Hardcastle
4925,Burning Spear
4926,Iyov
4927,Lily Holbrook
4928,Philly's Most Wanted
4929,Dark Distant Spaces
4930,Rita Chiarelli
4931,True Believers
4932,Impulsonic
4933,Geiom
4934,Mr. Blue
4935,Percy Sledge
4936,Trae
4937,Curtis
4938,The Chap
4939,Bingo Players
4940,Donny Osmond
4941,Chroma Key
4942,Junior Parker
4943,Muzsikas
4944,Little Richard
4945,Manu Dibango
4946,Joe Lynn Turner
4947,marriner
4948,Yo Gotti & Foxx
4949,Stress Assassin
4950,Naughty By Nature
4951,Mindy Mccready
4952,Orchestra La Scintilla
4953,Deftones
4954,Will Ferrell
4955,giuseppe Di Stefano
4956,The Skeletons
4957,Dark New Day
4958,Iggy And The Stooges
4959,Blur
4960,The Stanley Brothers
4961,Leadbelly
4962,Tayfun
4963,Life In Your Way
4964,John Prine
4965,Rakim Feat. Tracey Horton
4966,K-os
4967,Carroll Thompson
4968,Dory Previn
4969,Yank Rachell
4970,The California Cajun Orchestra
4971,The Mc5
4972,Caspa
4973,Black Flag
4974,Barbara Fairchild
4975,Vanessa Daou
4976,Judy Garland
4977,Geier Sturzflug
4978,Louis Prima
4979,Seal
4980,Schoolyard Heroes
4981,Jimmie Rodgers
4982,Tim Hughes
4983,June Hutton
4984,Britny Fox
4985,Mel Blanc
4986,Jr Writer
4987,Astrovamps
4988,Ray Barretto
4989,"myrick Freeze"" Guillory"""
4990,Scissors For Sparrow
4991,Mama's
4992,Lester Bowie
4993,Premiums
4994,Tony Joe White
4995,Bobby Capo
4996,Commissioned
4997,Nofx
4998,The Abominable Iron Sloth
4999,Toni Braxton
5000,Clarence Gatemouth Brown
5001,Orquesta Sublime
5002,Super700
5003,Lalo Schifrin
5004,Mr. Lif
5005,The Special Aka
5006,Springfield Dusty
5007,Vo Fletcher
5008,Lynn August
5009,Speedball
5010,Sue Foley
5011,The Secret Life Of Teenage Girls
5012,Bill Perkins
5013,Soja
5014,Gorki
5015,Akon
5016,José Augusto
5017,Total
5018,Brian Mcfadden
5019,Hermeto Pascoal
5020,He Is Legend
5021,Squeeze
5022,Barrington Levy
5023,Marvin Gaye And Tammi Terrell
5024,Eric Bogle
5025,Los Abuelos De La Nada
5026,David Raksin
5027,The Meatmen
5028,Owl City
5029,Bob Mckenzie
5030,The Prodigy
5031,The Allies
5032,Yeah Yeah Yeahs
5033,The Speedknot Mobstaz
5034,The Glencastle Sound
5035,The Token
5036,Bill Murk
5037,Billy Bragg
5038,J Bostron
5039,Los Traileros Del Norte
5040,Hanoi Rocks
5041,Jaime Urrutia
5042,Penguin Café Orchestra
5043,Tantric
5044,Cedric Gervais Featuring Caroline
5045,Baccara
5046,Murphy Lee
5047,The Fabulous Thunderbirds
5048,Killswitch Engage
5049,Yvette
5050,Nat Cole
5051,Groupa
5052,Clp
5053,silvana Zanolli
5054,Gordon Jenkins
5055,Camerata Brasil
5056,Silvério Pessoa
5057,Soulwax
5058,Artie Shaw
5059,Luiz Bonfa
5060,the New York Philharmonic Orchestra
5061,The Paynes
5062,Dive
5063,royal Philharmonic Orchestra
5064,Dennis O'neill
5065,Primordial
5066,Mest
5067,Georgia Satellites
5068,Paul Avgerinos
5069,Bamberg Symphony Orchestra And Hans Swarowsky
5070,Die Fantastischen Vier
5071,Loudermilk
5072,Milan Band
5073,Gary Morris
5074,X-raided Featuring Teddy Bear
5075,Take That
5076,Dj Ses
5077,Steve Camp
5078,Fajardo
5079,Galactic
5080,Ricardo Lemvo
5081,Kirsty Maccoll
5082,Lollipop Lust Kill
5083,Energy
5084,Andy Andy
5085,Maxi Priest
5086,Cut Copy
5087,Every Time I Die
5088,The Vapors
5089,Kisha
5090,Christian Mcbride
5091,King Diamond
5092,Olga Tañón
5093,Gloria Jones
5094,Shaggy
5095,Kary Ng
5096,Generation X
5097,Little Brother
5098,Bo Carter
5099,John Davis
5100,New York Dolls
5101,The Sex Pistols
5102,Inner Circle
5103,Peter Gallagher
5104,California Oranges
5105,Eagles
5106,Elli Kokkinou
5107,Tlc
5108,Dobet Gnahoré
5109,Dj Deeon
5110,Gruppo Vocale Cantemus
5111,Isaacs
5112,Symbiosis Orchestra
5113,Bigelf
5114,Jefferson Starship
5115,Blind Boy Fuller
5116,The Capitol Years
5117,Ethel Merman
5118,Dj Delicious
5119,Busta Rhymes Feat. Linkin Park
5120,Mike Nowark
5121,Bleed The Sky
5122,Seventh Day Slumber
5123,Beat Pharmacy
5124,Le Vangle
5125,Frankie Valli And The Four Seasons
5126,Barry Künzel
5127,Cheri Keaggy
5128,Dan Le Sac Vs Scroobius Pip
5129,Zuzu Bollin
5130,Eddy Arnold
5131,Placebo
5132,Gabriel Yared
5133,Cam'ron
5134,Jam
5135,Elliot Goldenthal
5136,Robert Lockwood
5137,Flame
5138,The Jug Band
5139,The The
5140,Kenny G
5141,David Palmer
5142,Charlie Cruz
5143,Steel Rain
5144,Estrellas Cubanas
5145,Sulk
5146,Raphael
5147,A Skylit Drive
5148,The Magic Band
5149,Bassturk
5150,cast
5151,The Artful Dodger Featuring Craig David
5152,The Grease Band
5153,50 Cent
5154,Elva Hsiao
5155,U.k. Subs
5156,Oscar Pettiford
5157,Samba Enredo
5158,Stille Volk
5159,Peter Hunnigale
5160,waltraud Meier
5161,Chuck Berry
5162,Terry Hall
5163,Billy Price
5164,The Game
5165,michel Plasson
5166,Die Bandbreite
5167,Jacky Cheung
5168,Les Rythmes Digitales
5169,Flamin' Groovies
5170,Portable
5171,Cocoa Tea
5172,The Shirrows
5173,Dorothy Norwood
5174,Orquesta America
5175,Danny Barnes
5176,Elliot Smith
5177,Abba
5178,The Undertones
5179,Delta 9
5180,Toby Love Featuring Rakim
5181,Grayson Capps
5182,Cedric Gervais Feat. Second Sun
5183,Shangri-las
5184,Prisma
5185,F4
5186,Abijah
5187,Jeff Johnson
5188,Diego Vasallo
5189,Wesley Tuttle
5190,Salt The Wound
5191,Alain Souchon
5192,Bruce Robison
5193,Ciaran Byrne
5194,Kim Wilson
5195,Survivor
5196,Perez Prado
5197,Baby Rasta
5198,Rod Stewart
5199,Camp Lo
5200,Mac Mcanally
5201,Tito Puenté
5202,Cama
5203,carlo Maria Giulini
5204,John Doan
5205,Rising Lion
5206,D.z.
5207,Erik Berglund
5208,Richard Hell
5209,Los Nakos
5210,Belphegor
5211,John Hammond
5212,Novaspace
5213,Guaco
5214,Lee Ritenour
5215,Gruppo Jazz Marca
5216,Rachael Starr
5217,Eduardo Fernandez
5218,Cole Porter
5219,Pegy Zina
5220,Z'ev
5221,Crazy Horse
5222,Jane's Addiction
5223,Descendents
5224,Kingston Trio
5225,Vivian Khor
5226,She Satellites
5227,Circle Jerks
5228,Orquestra
5229,Nick Jonas
5230,Breeze
5231,John Lee Hooker
5232,Roni Size
5233,Marshall Crenshaw
5234,Wordsworth
5235,Cassie
5236,Epitaph
5237,Brasilian Tropical Orchestra
5238,Winston Mcanuff
5239,All Saints
5240,Gary Moore
5241,The Vaughan Brothers
5242,Leroy Huston
5243,Todd Rundgren
5244,Boston
5245,Pe'z
5246,Dino
5247,Erja Lyytinen
5248,George Schuller
5249,Michael Landau
5250,Jeff Wahl
5251,Irwin Goodman
5252,David Arkenstone
5253,Los Fernandos
5254,Event Horizon
5255,Twista
5256,Ebru Gündes
5257,Mark Mccarron
5258,Coco Lee
5259,Epidemic
5260,Jason Miles
5261,Novika
5262,Cache Cache
5263,Dancecore Allstars
5264,The Magican
5265,The Unborn Chikken Voices
5266,The Last Eighth Feat. Dumi Right(zimbabwe Legit) And Skillz
5267,Texas
5268,Bob Wills
5269,Necrodaemon
5270,Maria Muldaur
5271,Ice Cube Featuring Flavor Flav
5272,The Willis Brothers
5273,Crosby  Stills  Nash And Young
